CODIGO,DESCRIPCION," TIPO",CANTIDAD,PRECIO,PRECIO H.,Ubicación,CATEGORIA,PROVEEDOR,TOTAL
1T,"ADAPTADOR TF H 20 MM X 1/2""",UND,0,"0,00 US$",0,,,,0
2T,"ADAPTADOR TF M 20 MM X 1/2""",UND,0,,0,,,,0
3T,BUJE TF 25X20 MM,UND,0,,0,,,,0
4T,"CODO TF ADAPTADOR H 90 20 MM X 1/2""",UND,0,,0,,,,0
5T,CODO TF 45º 20 MM,UND,0,,0,,,,0
6T,CODO TF 45º 32 MM,UND,0,,0,,,,0
7T,CODO TF 90º 20 MM,UND,0,,0,,,,0
8T,CODO TF 90º 25 MM VERDE,UND,0,,0,,,,0
9T,CODO TF 45º 25 MM,UND,0,,0,,,,0
10T,MANGUERA TIGRE FLEX 20 MM X 50 M,UND,0,,0,,,,0
11T,TEE TF 20 MM,UND,0,,0,,,,0
12T,TEE TF 25 MM VERDE,UND,0,,0,,,,0
13T,TEFLON GRANDE,UND,0,"0,45 US$","0,54",,,,0
14T,TEFLON PEQUEÑO,UND,0,,0,,,,0
15T,TUBO TF PN 20 MM X 6 M,UND,0,,0,,,,0
16T,TUBO TF PN 25 MM X 6 M,UND,0,"7,50 US$",9,,,,0
17T,TUBO TF PN 32 MM X 6 M,UND,0,,0,,,,0
18T,UNION TF 20 MM,UND,0,"0,19 US$","0,228",,,,0
19T,UNION TF 25 MM,UND,0,,0,,,,0
20T,"VALVULA MARIPOSA 20 MM ",UND,0,,0,,,,0
21T,NEPLO CORRIDO ROSCA 3/4,UND,0,,0,,,,0
22T,TEE ROSCABLE 3/4 PLASTIGAMA,UND,0,,0,,,,0
23T,"TEE H/N 150 UL/ FM 1""",UND,0,,0,,,,0
24T,CODO ROSCABLE 3/4 PLASTIGAMA,UND,0,,0,,,,0
25T,CODO ROSCABLE 1/2 PLASTIGAMA,UND,0,,0,,,,0
26T,UNION DE 1/2 DE RIEGO,UND,0,,0,,,,0
27T,NEPLO INOX 3/4 C CINT,UND,0,,0,,,,0
28T,BUSHING REDUCTOR DE 1· X 3/4,UND,0,,0,,,,0
29T,"BUSHING REDUCTOR DE 1""X1/2 ",UND,0,,0,,,,0
30T,BUSHING REDUCTOR DE 3/4 X 1/2,UND,0,,0,,,,0
31T,WYPE DE COLORES FUNDA GRANDE,UND,0,,0,,,,0
32T,WYPE DE COLORES FUNDA PEQUEÑA,UND,0,,0,,,,0
33T,CODO CACHIMBA ROSCABLE 3/4 PLASTIGAMA,UND,0,,0,,,,0
34T,NUDO UNIVERSAL 3/4PLASTIGAMA,UND,0,,0,,,,0
35T,"REDUCTOR ROSCABLE DE 1"" X 3/4 PLASTIGAMA",UND,0,,0,,,,0
36T,REDUCTOR ROSCABLE DE 3/4 X 1/2 PLASTIGAMA,UND,0,,0,,,,0
37T,REDUCTOR BUJE ROSCABLE DE 1 1/2 X 1 PLASTIGAMA,UND,0,,0,,,,0
38T,TAPON ROSCABLE DE 1/2 PLASTIGAMA,UND,0,,0,,,,0
39T,TAPON ROSCABLE DE 3/4 PLASTIGAMA,UND,0,,0,,,,0
40T,"UNION ROSCABLE 1"" PLASTIGAMA",UND,0,,0,,,,0
41T,UNION ROSCABLE DE 1/2 PLASTIGAMA,UND,0,,0,,,,0
42T,TEE 16 DE RIEGO,UND,0,,0,,,,0
43T,"CODO LASCO DE 1"" X 45",UND,0,,0,,,,0
44T,"CODO LASCO DE 1"" X 90",UND,0,,0,,,,0
45T,CODO LASCO DE 3/4 X 90,UND,0,,0,,,,0
46T,CODO LASCO PEGABLE 1/2,UND,0,,0,,,,0
47T,"CODO LASCO 1"" X 1/4",UND,0,,0,,,,0
48T,TEE LASCO DE 1 1/2,UND,0,,0,,,,0
49T,"ADAPTADOR M LASCO 1""",UND,0,,0,,,,0
50T,"BUJE LASCO PEGABLE Y ROSCABLE 2"" X 1""",UND,0,,0,,,,0
51T,"BUJE LASCO ROSCABLE DE 1"" 1/2 X 3/4""",UND,0,,0,,,,0
52T,ADAPTADOR HEMBRA LASCO DE 1 1/4,UND,0,,0,,,,0
53T,CODO TF 32 X 90,UND,0,,0,,,,0
54T,ADAPTADOR PARA TANQUE 3/4 PLASTIGAMA,UND,0,,0,,,,0
55T,VARILLA ROSCADA DE 3/8X3MTS A CERO GALVANIZADO,UND,0,,0,,,,0
56T,"BUJE REDUCTOR DE 1"" A 3/4 PLASTIGAMA",UND,0,,0,,,,0
57T,"BUJE REDUCTOR DE 1/2 A 1""PLASTIGAMA",UND,0,,0,,,,0
58T,CINTA AISLANTE,UND,0,,0,,,,0
59T,"CODO A/I ROSCABLE 90X1""",UND,0,,0,,,,0
60T,"TEE A/I ROSC 1""",UND,0,,0,,,,0
61T,BOQUILLA TF 63 MM TIGRE,UND,0,,0,,,,0
62T,"NEPLO ACERO INOXIDABLE 1"" X 5""",UND,0,,0,,,,0
63T,"NEPLO ACERO INOXIDABLE 1"" X 8""",UND,0,,0,,,,0
64T,"NUDO ACERO INOXIDABLE DE 1/2""",UND,0,,0,,,,0
65T,"NEPLO ACERO INOXIDABLE DE 1/2"" X 3·",UND,0,,0,,,,0
66T,"CODO H/M 150 UL/FM 90X1""",UND,0,,0,,,,0
67T,TUBO TF PP3 PN 63 MM X 6M TIGRE,UND,0,,0,,,,0
68T,TEE TF RED CENT 63X20MM SO,UND,0,,0,,,,0
69T,CODO TF 45 ANGULO 63 MM TGR,UND,0,,0,,,,0
70T,BUJE TF 63X50MM TGR,UND,0,,0,,,,0
"71T ",BUJE TF 50X32MM TGR,UND,0,,0,,,,0
72T,PEGATANQUE NEGRO,UND,0,,0,,,,0
73T,ACOPLE MACHO PARA MANGUERA,UND,0,,0,,,,0
74T,CONECTOR RAPID HEMBRA PARA MANGUERA DE RIEGO,UND,0,,0,,,,0
75T,"BUJE TF 32X25"" TIGRE",UND,0,,0,,,,0
76T,CODO DENTADO FLEX 16 MM,UND,0,,0,,,,0
77T,"ADAPTADOR COMP 16 X 1/2""",UND,0,,0,,,,0
78T,"TEE PVC CED 40 E/C 1/2"" PEGA/ROSC TGR",UND,0,,0,,,,0
79T,UNION DENTADA FLEX 16 MM,UND,0,,0,,,,0
80T,MANGUERA ARIES CON AGUJERO,UND,0,,0,,,,0
81T,MANGUERA CIEGA 16 MM PARA RIEGO COLORNEGRO,UND,0,,0,,,,0
82T,ADAPTADOR DE 16 MM,UND,0,,0,,,,0
83T,"NEPLO PP ROSCABLE DE 1-2""",UND,0,,0,,,,0
84T,VALVULA RES PRES MINIPRESS ITAP 36 1 1/2C 15/1,UND,0,,0,,,,0
85T,"BUSHING HN ULFM 1""X1/2""",UND,0,,0,,,,0
86T,TAPON PVC MACHO ROSCABLE 1/2 TGR,UND,0,,0,,,,0
87T,CURVA TF ANGULO 90 20 MM TIGRE,UND,0,,0,,,,0
88T,BOMBA EVANS BRAC 120W RECIRCULACION AUTOMATICA AC,UND,0,,0,,,,0
89T,CODO TF 45 MH 20 MM TGR,UND,0,,0,,,,0
"90T ",TEE TF 32 MM TIGRE,UND,0,"0,81 US$","0,972",,,,0
91T,"ADAPTADOR TF M 32 MM X 1"" TIGRE",UND,0,,0,,,,0
92T,"VALVULA CHEQUE YORK 103 BR 1""",UND,0,,0,,,,0
93T,NEPLO INOX 1 C/CINTURA,UND,0,,0,,,,0
94T,BUSHING INOX DE 1/2X1/4,UND,0,,0,,,,0
95T,MANOMETRO 1/4 VERT 1/4 0-150 GENEBRE +++,UND,0,,0,,,,0
96T,NEPLO INOX 1/2  C/CINT,UND,0,,0,,,,0
97T,TUBO CORRUGADO 160 MM SERIE 6 TIGRE,UND,0,,0,,,,0
98T,"PRESOSTATO BOMBA 70-100  GENEBRE ",UND,0,,0,,,,0
99T,"TEE H-N 150 UL/FM 1 1/2""",UND,0,,0,,,,0
100T,"TUBO A/C CED 40 S/C P/S 4"" X 6 M",UND,0,,0,,,,0
101T,"NEPLO AC C-40 1 1-4"" X 8""",UND,0,,0,,,,0
102T,"TEE A/C P/S C/40 1 1/4""",UND,0,,0,,,,0
"103T ","NEPLO A/C C-40 1""X4""",UND,0,,0,,,,0
"104T ",TEE PEGABLE 25 MM TIGRE GRIS,UND,0,,0,,,,0
105T," TEE PEGABLE 50 MM TIGRE ",UND,0,,0,,,,0
106T,"ADAPTADOR TF M 25 MM X 3/4""",UND,0,,0,,,,0
107T,"ADAPTADOR PVC M CED 40 PEGROSCA / TIGRE 1/2""",UND,0,,0,,,,0
108T,"TEE TF C/ROSC M 25X1/2"" TIGRE",UND,0,,0,,,,0
109T,TEE TF RED CENT 50X20MM SO,UND,0,,0,,,,0
110T,TEE TF RED CENT 32X20X32 MM TIGRE,UND,0,,0,,,,0
111T,CODO DE PEGABLE 90X32 MM TIGRE GRIS,UND,0,,0,,,,0
112T,CODO DE PEGABLE 90X25 MM TIGRE GRIS,UND,0,,0,,,,0
113T,CODO 90 PEGABLE 40 MM TIGRE,UND,0,,0,,,,0
114T,"CODO TF 90 63 MM TIGRE ",UND,0,,0,,,,0
115T,CODO TF 90 50 MM TIGRE,UND,0,,0,,,,0
116T,CODO 45 PEGABLE 63 MM,UND,0,,0,,,,0
117T,UNIVERSAL PEGABLE DIAM 32 MM T1,UND,0,,0,,,,0
118T,UNIVERSAL PVC ROSCABLE 1 1/2 TIGRE,UND,0,,0,,,,0
119T,UNION TF 90 MM TIGRE,UND,0,,0,,,,0
120T,UNION TF 50 MM TIGRE,UND,0,,0,,,,0
121T,UNION TF 63 MM TIGRE,UND,0,,0,,,,0
122T,"UNION PVC ROSCABLE 1"" TIGRE",UND,0,,0,,,,0
123T,ADAPTADOR TF H 90X30MM,UND,0,,0,,,,0
124T,ADAPTADOR TF H 50X1 1/2 TIGRE,UND,0,,0,,,,0
125T,ADAPTADOR TF M 20MMX3,UND,0,,0,,,,0
126T,ADAPTADOR TF M 25MMX3,UND,0,,0,,,,0
127T,BUJE TF 32X20 MM TIGRE,UND,0,,0,,,,0
128T,PRESOSTATO PP5 PENTAX,UND,0,,0,,,,0
129T,"NUDO ACERO INOXIDABLE ROSCABLE DE 1 1/2""",UND,0,,0,,,,0
130T,"TUBO A/C CED 40 S/C P/S 1 "" X 6 M",UND,0,,0,,,,0
131T,"NEPLO ACERO INOXIDABLE CED 40 DE 1/2"" X 4""·",UND,0,,0,,,,0
132T,"NEPLO ACERO INOXIDABLE CED 40 DE 1  1/2"" X 4""·",UND,0,,0,,,,0
133T,"ADAPTADOR PVC M PRESION 32X1""",UND,0,,0,,,,0
134T,"ADAPTADOR PVC M 63 X 2 """"",UND,0,,0,,,,0
135T,"ADAPTADOR PVC H 50X1 1/2 """"",UND,0,,0,,,,0
136T,"ADAPTADOR PVC M 25X3-4"" ",UND,0,,0,,,,0
137T,"ADAPTADOR PVC M 20X1/2"" ",UND,0,,0,,,,0
138T,"BUJE PVC CORTO 50X32"" PLASTIGAMA",UND,0,,0,,,,0
139T,"BUJE PVC CORTO 40X32"" PLASTIGAMA",UND,0,,0,,,,0
140T,"BUJE PVC ROSCABLE 1 1/2 X 3/4""",UND,0,,0,,,,0
141T,"ADAPTADOR PVC H 1X32""",UND,0,,0,,,,0
142T,"BUJE PVC 32X20"" TIGRE",UND,0,,0,,,,0
143T,"NEPLO ROSCABLE 1"" TIGRE",UND,0,,0,,,,0
144T,"UNIVERSAL PVC 1""",UND,0,,0,,,,0
145T,"UNION ROSCABLE 1"" TIGRE",UND,0,,0,,,,0
146T,CODO 45X50MM  PLASTIGAMA,UND,0,,0,,,,0
147T,TEE PVC PRESION 20 MM PLASTIGAMA,UND,0,,0,,,,0
148T,"TEE PVC 1 1/4"" TIGRE",UND,0,,0,,,,0
149T,UNION PRESION 63 MM TIGRE,UND,0,,0,,,,0
150T,UNION PRESION 50 MM TIGRE,UND,0,,0,,,,0
151T,UNION PRESION 32 MM TIGRE,UND,0,,0,,,,0
152T,UNION PRESION 40 MM TIGRE,UND,0,,0,,,,0
153T,UNIVERSAL PVC 1/2 TIGRE,UND,0,,0,,,,0
154T,UNION 20 MM  TIGRE,UND,0,,0,,,,0
155T,"TEE TF C ROSCABLE H 20 X 1/2""",UND,0,,0,,,,0
156T,LIJA UNION 100,UND,0,,0,,,,0
157T,"DISCO CORT/MT DW 4 1/2""",UND,0,,0,,,,0
158T,PINTURA PROFESIONAL BL,UND,0,,0,,,,0
159T,DISOLVENTE PARA PINTURAS,UND,0,,0,,,,0
160T,ELECTRODO INDURA 230-S,UND,0,,0,,,,0
161T,TUBO DE ABASTO 1/2X1/2X40,UND,0,,0,,,,0
162T,MANOMETRO DE AIRE 0-145 PSI 1/4 63 MM,UND,0,,0,,,,0
163T,"VALVULA COMP 127 BR PN 1/2"" ITA",UND,0,,0,,,,0
164T,"TEE PVC CED 40 E/C 1/2"" PEGABLE TGR",UND,0,,0,,,,0
165T,DISCO INGRO MCD,UND,0,,0,,,,0
166T,"UNION H/N REDUCT RECOMB UL/FM 2"" X 1 1/2""",UND,0,,0,,,,0
167T,"TEE H/N RANUR.RECOMB ULK/FM2""",UND,0,,0,,,,0
168T,"REDUCCION  H/N RANUR.RECOMB UL/FM2""X1""",UND,0,,0,,,,0
169T,"CODO  H/N RANUR. UL/FM90X2""",UND,0,,0,,,,0
170T,"UNION  H/N RANUR. FLEXIBLE UL/FM 2""",UND,0,,0,,,,0
171T,"TUBO A/C  CED40 S/C P/S 1 1/2"" X 6 MT",UND,0,,0,,,,0
172T,"CODO H/N RANUR.UL/FM 45X 1 1/2""",UND,0,,0,,,,0
173T,"COLGADOR A/G PERA UL/FM N0.69 1""",UND,0,,0,,,,0
174T,"REDUCCION  H/G CIFUNSA UL/FM 1"" X 1/2""",UND,0,,0,,,,0
175T,"REDUCCION  A/F ROSC 3000 1 1/2""X 1""",UND,0,,0,,,,0
176T,GABINETE H/N SCI 70X22 EMPOTRABLE,UND,0,,0,,,,0
177T,"VALVULA DE 1/2"" MACHO AMARILLA",UND,0,,0,,,,0
178T,NEPLO PP ROSCABLE 1/2X150MM POL,UND,0,,0,,,,0
"179T ",PEGA WELD-0N 602 1/32 TGR,UND,0,,0,,,,0
180T,"UNION TF  32"" TIGRE",UND,0,,0,,,,0
181T,PINTURA TAN ROJO FIESTA LITRO,UND,0,,0,,,,0
182T,PINTURA TAN BLANCO MATE,UND,0,,0,,,,0
183T,"BROCHA FUTURA 2""",UND,0,,0,,,,0
184T,"CEPILLO A/AC.MANGO 5X15X1""",UND,0,,0,,,,0
185T,BUJE TF 32X20MM,UND,0,,0,,,,0
186T,UNIVERSAL TF 20X1/2,UND,0,,0,,,,0
187T,TAPON TF H 20 MM ROSCADO,UND,0,,0,,,,0
188T,CODO ADAPTADORN 90 H 25X1/2,UND,0,,0,,,,0
189T,"ADAPTADOR TF M 32X3/4""",UND,0,,0,,,,0
190T,"TAPON HEMBRA DE 1/2""",UND,0,,0,,,,0
191T,"UNION PVC 2""",UND,0,,0,,,,0
192T,"UNION PVC 1 1/4""",UND,0,,0,,,,0
193T,UNION PVC LASCO ROSCABLE H 1 1/2,UND,0,,0,,,,0
194T,"UNION PVC LASCO ROSCABLE M 1 1/4""",UND,0,,0,,,,0
195T,"UNION PVC TIGRE 1""",UND,0,,0,,,,0
196T,REDUCTOR TIGRE 63X32 PRESION,UND,0,,0,,,,0
197T,"UNION PVC ROSCA 25X3/4""",UND,0,,0,,,,0
198T,"UNION PVC ROSCA H 20X1/2""",UND,0,,0,,,,0
199T,"CODO A/C CED40 X 1 1/4""",UND,0,,0,,,,0
200T,"UNION PVC CED 40 1/2"" TIGRE",UND,0,,0,,,,0
201T,"TUBO A/C CED 40 S/C P/S 2""X6 METROS",UND,0,,0,,,,0
202T,"TEE MECANICA ROSC. RECOMB UL/FM 2""X1 1/4""",UND,0,,0,,,,0
203T,"BUSHING H/N ULF 1 1/4 X 1""",UND,0,,0,,,,0
204T,"NEPLO A/C C/80 1/2""X5""",UND,0,,0,,,,0
205T,"NEPLO A/C C/40 1/2""X8""",UND,0,,0,,,,0
"206T ","UNION H/N UL/FM 1/2""",UND,0,,0,,,,0
207T,"UNION HN RANUR FLEXIBLE 2""",UND,0,,0,,,,0
208T,"CODO PVC 90 CED 40 PEG/ROSC 1/2"" TIGRE",UND,0,,0,,,,0
209T,"TAPON PVC H CED 40 E/C 1/2"" LASCO",UND,0,,0,,,,0
210T,CEPILLO ALEMAN DE ACERO,UND,0,,0,,,,0
211T,"BROCHA 2""",UND,0,,0,,,,0
212T,"BROCHA 3""",UND,0,,0,,,,0
213T,GUANTE CORRUGADO DE LATEX TALLA M,UND,0,,0,,,,0
214T,"DISCO DE CORTE METALICO INDUSTRIAL 4 1/2""",UND,0,,0,,,,0
215T,"DISCO DE CORTE METALICO INDUSTRIAL 4.5""",UND,0,,0,,,,0
216T,LIJA NUMERO 60 J 83,UND,0,,0,,,,0
217T,"GRILLETE PARA CABLE 5/16""",UND,0,,0,,,,0
218T,CABLE DE ACERO CON ALMA DE ACERO 3/16,UND,0,,0,,,,0
219T,ELECTRODOS 613-1,UND,0,,0,,,,0
220T,MEDIDOR AGUA/FRIA CONTADOR GENEBRE,UND,0,,0,,,,0
221T,"REDUCCION A/C 2"" X 1""",UND,0,,0,,,,0
222T,"UNION RANURADA FLEXIBLE RECOMB DE 1 1/2""",UND,0,,0,,,,0
223T,"COLGADOR PERA A/G 1 1/2""",UND,0,,0,,,,0
224T,"COLGADOR PERA A/G 2""",UND,0,,0,,,,0
225T,ALAMBRE DE AMARRE N0. 18 KILO,UND,0,,0,,,,0
226T,"CLAVO A/C GALVANIZADO 9X25"" 500G 196 UNIDADES",UND,0,,0,,,,0
227T,PINTURA SPRAY AMARILLA,UND,0,,0,,,,0
228T,"REDUCCION RANURADA DE 2X1 1/2""",UND,0,,0,,,,0
229T,TUBO TF PP3 50 MMX6M,UND,0,,0,,,,0
230T,"BUJE TF 50X32""",UND,0,,0,,,,0
231T,"ARANDELA PLNANA DE ACERO DE 1/2""",UND,0,,0,,,,0
232T,BROCA DE COBALTO 3/16,UND,0,,0,,,,0
233T,CABO DE MEDIA,UND,0,,0,,,,0
234T,BROCA DE 9 NIVELES 4 MM,UND,0,,0,,,,0
235T,"SIERRA COPA 2""",UND,0,,0,,,,0
236T,EJE PARA SIERRA COPA RHUNO,UND,0,,0,,,,0
237T,TELA LISTADA DE 3.8 METROS,UND,0,,0,,,,0
238T,"NEPLO BRONCE 1-2"" CON CINTURA",UND,0,,0,,,,0
239T,"REGULADOR DE PRIMERA 25 KG 1/2X3/8""",UND,0,,0,,,,0
240T,"REDUCCION DE BRONCE DE 1/2X3/8""",UND,0,,0,,,,0
241T,"BUSHING INOX DE 1X1/2""",UND,0,,0,,,,0
242T,"REDUCTOR RANURAR 2X1/2""",UND,0,,0,,,,0
243T,TEE TF 50 MM TIGRE,UND,0,,0,,,,0
244T,"UNION RANURADO 1 1-2""",UND,0,,0,,,,0
245T,"CODO RANURADO DE 1 1-2""X45""",UND,0,,0,,,,0
246T,TAPA TF H 32 MM TIGRE,UND,0,,0,,,,0
247T,VALVULA TF ESFERA 50 MM,UND,0,,0,,,,0
248T,VALVULA TF MARIPOSA 25MM,UND,0,,0,,,,0
249T,"CODO ADAPTADOR H DE 32 X 1""",UND,0,,0,,,,0
"250T ","CORTADOR DE TUBO DE 3-42"" INECO",UND,0,,0,,,,0
251T,POLEA SIMPLE CON GANCHO,UND,0,,0,,,,0
252T,"UNION HN 1""",UND,0,,0,,,,0
253T,"TUBO AC DE 1/2""X6 MM",UND,0,,0,,,,0
254T,"TEE MECANICA DE 2 1/2 X 1""",UND,0,,0,,,,0
255T,TARRAJA DE 1/2X1/2X3/4,UND,0,,0,,,,0
256T,"MEDIDOR DE AGUA CALIENTE CHO/MULI/2"" A/C BARMETER CEM",UND,4,"41,39 US$","49,668",,,,"198,672"
257T,"MEDIDOR DE AGUA FRIA CH UNICO 1/2""R160 BARM",UND,0,,0,,,,0
258T,LIJA DE 80 X 9,UND,0,,0,,,,0
"259T ","CINTA MASKING GENERAL 18 MM X 3/4""",UND,0,,0,,,,0
260T,PLASTICO REPROCES 2 M NEGRO,UND,0,,0,,,,0
261T,"TAPON PVC ROSCABLE ROSCABLE 1""",UND,0,,0,,,,0
262T,"TUBO AC CED 40 2 1/2"" X 6 M",UND,0,,0,,,,0
263T,"ANGULO HN LC 25""X3",UND,0,,0,,,,0
264T,"NEPLO DE 1/2 X 5/16""",UND,0,,0,,,,0
265T,"BRIDAS 3/8""",UND,0,,0,,,,0
266T,MILKWAUKEE SIERRA,UND,0,,0,,,,0
267T,"UNION HG DE 1/2""",UND,0,,0,,,,0
268T,TEE TF DE 63 MM,UND,0,,0,,,,0
269T,BUJE TF 63X25MM SO,UND,0,,0,,,,0
270T,"CODO PEGABLE DE 63X90 TIGRE ",UND,0,,0,,,,0
271T,"CODO PEGABLE DE 63X90 PLASTIGAMA ",UND,0,,0,,,,0
272T,"UNION H/N RANURADA FLEXIBLE 2 1/2""",UND,0,,0,,,,0
273T,CODO 90 X 50 MM PEGABLE PLASTIGAMA,UND,0,,0,,,,0
274T,"UNION A/I ROSCABLE DE 1/2""",UND,0,,0,,,,0
275T,UNION TF DOBLE DIAM 20 MM TIGRE,UND,0,,0,,,,0
276T,ARNES SEGURIDAD VERDE,UND,0,,0,,,,0
277T,PINTURA ROJO VIVO 3.75 LTS,UND,0,,0,,,,0
278T,MANOMETRO KL 1.6,UND,0,,0,,,,0
279T,"NUDO H/N UL/FM 3""",UND,0,,0,,,,0
280T,"NUDO H/N UL/FM 1""",UND,0,,0,,,,0
281T,"BUSHING HN ULFM 1 1/2 X 1""",UND,0,,0,,,,0
282T,"TEE HN 150 ULKFM 2 1/2""",UND,0,,0,,,,0
283T,"REDUCCION AC CED 40 2 1/2 X 1 """,UND,0,,0,,,,0
284T,"CODO HN 150 ULFM 45X2""",UND,0,,0,,,,0
285T,ANILLO DE CERA 1319 EDESA,UND,0,"2,18 US$","2,616",,,,0
286T,ESTILETE 18 MM PLASTICO,UND,0,,0,,,,0
287T,"ESPATULA 3"" SILK MANGO",UND,0,,0,,,,0
288T,"GRILLETE PARA CABLE 1/4""",UND,0,,0,,,,0
289T,SPRINKLER PENDIENTE 1/2 CROMADO,UND,0,,0,,,,0
290T,COBERTOR SPRINKLER 1/2 CROMADO,UND,0,,0,,,,0
291T,"VALVULA DE BOLA STAND VIENNA 1/2"" ROJA",UND,0,,0,,,,0
292T,"TEE ROSCABLE DE 1/2"" PLASTIGAMA",UND,0,,0,,,,0
293T,"CODO HN RANURADO FLEXIBLE 90X2 1/2""",UND,0,,0,,,,0
294T,"CODO HN RANURA FLEXIBLE ULFM 45 X 2 1/2""",UND,0,,0,,,,0
295T,"CODO AC 90 X2 1/2""",UND,0,,0,,,,0
296T,REDUCCION HN DE 2 1/2 X 2,UND,0,,0,,,,0
297T,VALVULA RED PRES MINIPRES ITAP 361,UND,0,,0,,,,0
298T,"BUSHING AI 1X1/2""",UND,0,,0,,,,0
299T,REGULADOR DE PRIMERA 8KG RECA+ MANOMETRO,UND,0,,0,,,,0
300T,"TUERCA LOCA DE 1/2 X 5/16"" (H IZQ PITON CENTRALINA)",UND,0,,0,,,,0
301T,FERRULATOJN 5/16 CASQUILLO,UND,0,,0,,,,0
302T,MANGUERA REFORZADA 5/16 X METRO ALFFLEX,UND,0,,0,,,,0
303T,"BOQUILLA BRONCE 1/2 X 5/16"" M-PITON PANAMA PEX",UND,0,,0,,,,0
304T,"REDUCCION  BRONCE DE 1/2 X1/4""",UND,0,,0,,,,0
305T,ARANDELA PLANA DE ACERO,UND,0,,0,,,,0
306T,GRAPA TUBERIA 1/2 INDUMA,UND,0,,0,,,,0
307T,"BROCA PLUS HAMMER 1/4"" BPH",UND,0,,0,,,,0
308T,"UNION H/N ULFM 1 1/4""",UND,0,,0,,,,0
309T,"BUSHING HN 1/2 X 1/4""",UND,0,,0,,,,0
310T,"TEE HN 150 ULFM 1/2""",UND,0,,0,,,,0
311T,"CODO AC CD 40 90X1""",UND,0,,0,,,,0
312T,"VALVULA ESFERA AC NIBCO 1""",UND,0,,0,,,,0
313T,"NEPLO AC CED 40 1"" X 3""",UND,0,,0,,,,0
314T,"REDUCCION AC CED 40 1 1/4X 1""",UND,0,,0,,,,0
315T,"REDUCCION HN RANURADO ULFM 2 1/2X 2""",UND,0,,0,,,,0
316T,"TEE MECANICA ROSCABLE  ULFM DE 2"" X 1  1/2""",UND,0,,0,,,,0
317T,"REDUCTOR AC CED40 2 X 1 1/2""",UND,0,,0,,,,0
318T,MANOMETRO VERTICAL 1/4 0-400 GENEBRE,UND,0,,0,,,,0
319T,LIJA 120,UND,0,"0,30 US$","0,36",,,,0
320T,GUANTE DE LATEX LISO MEDIUM,UND,0,,0,,,,0
321T,ELECTRODO 6011,UND,0,,0,,,,0
322T,"BROCA MAX HAMMER 3/4""",UND,0,,0,,,,0
323T,TUBO DE ABASTO CALEFON 1/2 COFLEX,UND,0,,0,,,,0
324T,CALEFON INSTAMATIC 26 LITROS,UND,0,,0,,,,0
325T,RIEL CHANEL 3 METROS 41X21X1 5 MM DE ESPESOR,UND,0,,0,,,,0
326T,REDUCCION BRONCE DE 1/2 X 3/8,UND,0,,0,,,,0
327T,TAPON INOX 1/2 M,UND,0,,0,,,,0
328T,NEPLO BRONCE 1/4 CON CINTURA,UND,0,,0,,,,0
329T,"PLACA DECORATIVA GRIS 1/2""",UND,0,,0,,,,0
330T,"ROCIADOR AUT. COLGANTE 1/2"" GRIS",UND,0,,0,,,,0
341T,"TEE TF H  ROSCABLE 25X1/2""",UND,0,,0,,,,0
342T,BROCA ESCALONADA 9 NIVELES 4 MM,UND,0,,0,,,,0
343T,KILO DE CLAVOS DE CONGRETO NEGRO,UND,0,,0,,,,0
344T,"CODO AC PS CED 40 90X  1/2""",UND,0,,0,,,,0
345T,NEPLO AC CED 40 1  1/2 X 8,UND,0,,0,,,,0
346T,TEE MECANICA ROSCABLE 2 1/2 X 1,UND,0,,0,,,,0
347 T,REDUCCION HN RANURADO DE 2 1/2X 1 1/2,UND,0,,0,,,,0
348T,"PLATINA HN 1""X1-8""",UND,0,,0,,,,0
349T,NEPLO AI ROSCABLE 1X4,UND,0,,0,,,,0
350T,DISCO DIAMANTE 4.1/2 CENTURY SEGMENTADO 115MM,UND,0,,0,,,,0
351T,"GRAPA TUBO CONDUCTOR 1""",UND,0,,0,,,,0
352T,GRIFERIA MONODUCHA ARIZONA FV E108/B1,UND,0,,0,,,,0
353T,CODO PVC 110MM X 45 DESAGUE RIVAL,UND,0,"2,35 US$","2,82",,,,0
354T,TUBO PVC DESAGUE 110 MM X 3 M TIGRE,UND,0,"6,50 US$","7,8",,,,0
355T,CODO PVC 50MM X 45 DESAGUE,UND,0,"0,62 US$","0,744",,,,0
356T,CODO PVC 75MM X 90 DESAGUE,UND,0,"1,18 US$","1,416",,,,0
357T,CODO PVC 75MM X 45 DESAGUE,UND,0,"1,45 US$","1,74",,,,0
358T,YEE PVC 110MM DESAGUE RIVAL,UND,0,"2,55 US$","3,06",,,,0
359T,TUBO PVC DESAGUE 50 MM X 3 M RIVAL,UND,0,"2,32 US$","2,784",,,,0
360T,"PEGA WELD ON 602 1/4"" GALON TGR",UND,0,,0,,,,0
361T,YEE PVC 110MM X 50 DESAGUE TGR,UND,0,"2,30 US$","2,76",,,,0
362T,TUBO PVC DESAGUE 75 MM X 3 M,UND,0,"4,95 US$","5,94",,,,0
363T,HIDROJET 1 1/2 X 1 1/2  COMPLETA LASWM,UND,0,,0,,,,0
364T,LAMPARA PLANO LED 18 W MULTICOLOR ACUACORAL,UND,0,,0,,,,0
365T,TRANSFORMADOR DC 12V 60W ACUACORAL,UND,0,,0,,,,0
366T,VAPOR CON TEMPORIZADOR 9KW 220V TM60A,UND,0,,0,,,,0
367T,"TUBO PVC 1 1/2"" X METROS CED 40",UND,0,,0,,,,0
368T,CODO PVC  PRESION 90X40 MM,UND,0,,0,,,,0
369T,"TEE PVC 40 EC 1 1/2"" TGR",UND,0,,0,,,,0
370T,"CODO PVC 90 1 1/2"" CED 40 TGR",UND,0,,0,,,,0
371T,"CODO PVC 45 1 1/2"" CED 40 TGR",UND,0,,0,,,,0
372T,"UNION   PVC 1 1/2"" CED 40 TGR",UND,0,,0,,,,0
373T,"TAPON PVC MACHO ROSCABLE 1 1/2"" CED 40 TGR",UND,0,,0,,,,0
374T,PEGA WELD-ON 713 1/8 GALON,UND,0,,0,,,,0
375T,TUBO PVC 40 MM X 1.25 MPA X 6 M,UND,0,,0,,,,0
376T,REDUCTOR PVC EXC DESAGUE 110X50 MM RIVAL,UND,0,,0,,,,0
377T,YEE PVC RED 160X110 MM TGF,UND,0,,0,,,,0
378T,REDUCTOR PVC EXC DESAGUE 110X75 MM RIVAL,UND,0,,0,,,,0
379T,UNION PVC DESAGUE 160 MM RIVAL,UND,0,,0,,,,0
380T,LIMPIADOR C-65 174 GALON,UND,0,,0,,,,0
381T,"TAPON PEGABLE 1 1/2"" LASCO",UND,0,,0,,,,0
382T,CODO PEGABLE DE 1/2X90 LASCO,UND,0,,0,,,,0
383T,"BROCA COBALTO DE 5/16""",UND,0,,0,,,,0
384T,SILICON TUBO BLANCO ABRO 310  ML,UND,0,,0,,,,0
385T,SILICON TUBO TRANSPARENTE ABRO 310  ML,UND,0,,0,,,,0
386T,GUAIPE BLANCO 1 LIBRA,UND,0,,0,,,,0
387T,TUBO ROSCABLE PLASTIDOR 1 1-4 X 6 M,UND,0,,0,,,,0
388T,TEE PEGABLE 1 1/4  LASCO,UND,0,,0,,,,0
389T,CODO PEGABLE 1 1-4 X 90 LASCO,UND,0,,0,,,,0
390T,TACO NYLON ESPIRAL P/DRYWALL,UND,0,,0,,,,0
391T,TORNILLO SICON 6X1 PLANCHA,UND,0,,0,,,,0
392T,BROCA PARA METAL H SSS 4341 4.0M,UND,0,,0,,,,0
393T,BROCA PARA METAL H SSS 4341 7.5 M,UND,0,,0,,,,0
394T,BROCA PARA METAL H SSS 4341 7.0 M,UND,0,,0,,,,0
395T,BROCA PARA METAL H SSS 4341 6.0 M,UND,0,,0,,,,0
396T,VALVULA GAS INDUSTRIAL CON REGULADOR,UND,0,,0,,,,0
397T,VALVULA GAS DOMESTICA PLATEADA,UND,0,,0,,,,0
398T,"DISCO CORTE METAL INSDUTRIAL 14""",UND,0,,0,,,,0
399T,"TEFLON REFORZADO DE 3/4""",UND,0,,0,,,,0
400T,TUBO PVC DESAGUE 160 MM RIVAL X 3 METROS,UND,0,"15,75 US$","18,9",,,,0
401T,"BUSHING DESAGUE 160X110M ",UND,0,,0,,,,0
402T,UNION PVC DESAGUE 110MM RIVAL,UND,0,,0,,,,0
403T,"PEGA WELD 705 1/4"" GALON",UND,0,"16,20 US$","19,44",,,,0
404T,ADAPTADOR LIMPIEZA DESAGUE 11O M,UND,0,,0,,,,0
405T,"TEE MECANICA ROSCABLE RECOM 2 1/2X 1 X1/4""",UND,0,,0,,,,0
406T,TAPA TF 50 MM TIGRE,UND,0,,0,,,,0
407T,CODO TF 45 50 MM,UND,0,,0,,,,0
408T,TUBO PVC DESAGUE 200 MM X 6 M,UND,0,,0,,,,0
409T,CODO PVC 45 DESAGUE 200 MM RIVAL,UND,0,,0,,,,0
410T,YEE PVC RED DESAGUE 200 X 160 MM,UND,0,,0,,,,0
411T,SIFON ACORDEON METALIZADO,UND,0,,0,,,,0
412T,CODO 1 1/4 X 45 LASCO,UND,0,,0,,,,0
413T,ARANDELA PLANA DE ACERO 3/4 PL,UND,0,,0,,,,0
414T,TORNILLO PUNTA BROCA C,UND,0,,0,,,,0
415T,BUJE TF 50X20 MM,UND,0,,0,,,,0
416T,PLANCHA DE ESPUMA FLEX N0.2,UND,0,,0,,,,0
417T,"CODO HN RANURADO ULFM 90X1 1/2""",UND,0,,0,,,,0
418T,"CODO HN RANURADO ULFM 45X1 1/2""",UND,0,,0,,,,0
419T,"NEPLO ROSCADO PP DE 1/2""",UND,0,,0,,,,0
420T,"VALVULA ESFERA BR. NIBCO 400 T580 P/C 1""",UND,0,,0,,,,0
421T,"NUDO AI ROSCABLE DE 1""",UND,0,,0,,,,0
422T,TEE TF RED CENTRIFUGA 50X25 MM V,UND,0,,0,,,,0
423T,ADAPTADOR TF H 25X3/4 TGR,UND,0,,0,,,,0
424T,"VALVULA CHEQUE YORK 103 BE 1 1/2""",UND,0,,0,,,,0
425T,ADAPTADOR TF M 50 X 1X 1/2 TIGRE,UND,0,,0,,,,0
426T,"VALVULA BOLA STAND VIENE 216 1""",UND,0,,0,,,,0
427T,"LLAVE ESFERICA DE 1/2"" MANIL MARIPOSA",UND,0,,0,,,,0
428T,TANQUE HIDRONEUMATICO 80 LITROS VERT,UND,0,,0,,,,0
429T,NEPLO INOX C40 1X3,UND,0,,0,,,,0
430T,"ADAPTADOR PVC M CED40  PEGA/ROSC 1"" TGR",UND,0,,0,,,,0
431T,"TEE PVC CED40 E/C 1""",UND,0,,0,,,,0
432T,"RED PVC CED 40 1 1/2X1"" DURA1",UND,0,,0,,,,0
433T,"CODO PVC 90 1/2"" CED 40 DURA",UND,0,,0,,,,0
434T,"ADAPTADOR PVC M CED40 PEGRABLE ROSCABLE 1/2""",UND,0,,0,,,,0
435T,"VALVULA COMP BR PN 1""",UND,0,,0,,,,0
436T,"TUBO PVC 1 ROSCABLE 1"" 80X6 MM",UND,0,,0,,,,0
437T,"UNIVERSAL PVC P 1"" DURA",UND,0,,0,,,,0
438T,JUEGO DE HERRAJE EDESA,UND,0,,0,,,,0
439T,"TAPA PVC HEMBRA ROSCABLE 1 1/2""",UND,0,,0,,,,0
440T,TEE TF RED CENT 50X32X50MM,UND,0,,0,,,,0
441T,ADAPTADOR TF H 32 MMX3/4 TG,UND,0,,0,,,,0
442T,"VALVULA CHECK VERTICAL DE 1 1/2"" PEDROL",UND,0,,0,,,,0
443T,"NUDO INOX 3/4""",UND,0,,0,,,,0
444T,VALVULA ESFERA AGUA 3/4 PALAN FV LIVIA E,UND,0,,0,,,,0
445T,UNION PVC DESAGUE 200 MM,UND,0,,0,,,,0
446T,POLILIMPIA 1 LITRO,UND,0,,0,,,,0
447T,VALVULA CHECK VERTICAL 1 EUROPA 100,UND,0,,0,,,,0
448T,"VALVULA ESFERA AGUA 1"" PALAN H-H GENEBRE 400WO",UND,0,,0,,,,0
449T,"NUDO UNIVERSAL INOX 1""",UND,0,,0,,,,0
450T,RADAR AUTOMATICO GENEBRE 300 CM,UND,0,,0,,,,0
451T,PRESOSTATO BOMBA 30-50 CENTRIPRO AS 4IFX,UND,0,,0,,,,0
452T,MANOMETRO VERTICAL 1/4 150 GENEBRE,UND,0,,0,,,,0
453T,TEE PEGABLE 1/2 LASCO,UND,0,,0,,,,0
454T,ADAPTADOR PEGABLE DE 1/2 H,UND,0,,0,,,,0
455T,VALVULA ESFERA AGUA 1/2 PALAN HH,UND,0,,0,,,,0
456T,BREAKER SWITCH 50A 110 V POW50003,UND,0,,0,,,,0
457T,BREAKER SWITCH 50A 110 V POW50003,UND,0,,0,,,,0
458T,BUJE PVC 1X 1/2 LASCO,UND,0,,0,,,,0
459T,"ADAPTADOR PVC H CED40 1/2"" DURA",UND,0,,0,,,,0
460T,"CODO PVC 90 1"" CED 40 DAMI",UND,0,,0,,,,0
461T,"TUBO PVC SCH40 1""X6M 450 PSI EXT LIS",UND,0,,0,,,,0
462T,"OREJERAS ANTIRUIDO CEN ",UND,0,,0,,,,0
463T,CHALECO REFLECTIVO VERDE,UND,0,,0,,,,0
464T,"CODO DE 1/2"" PLASTIGAMA",UND,0,,0,,,,0
465T,TEE 1/2 PLASTIGAMA,UND,0,,0,,,,0
466T,"LLAVE  DE PASO PALANCA FV DE 1/2""",UND,0,,0,,,,0
467T,"ADAPTADOR TF M 25 MM X 1/2""",UND,0,,0,,,,0
468T,TAPON POLIP 3/4 PMEX,UND,0,,0,,,,0
469T,VALVULA ESFERA AGUA CALIENTE 3/4 ITAP 145 LISTED,UND,0,,0,,,,0
470T,PEGAMENTO PVC WELDON 725 115 ML (4 0Z) AZUL,UND,0,,0,,,,0
471T,TERMO ANALG 1/2 INFERIOR GENEBRE,UND,0,,0,,,,0
472T,ADAPTADOR H  FUSION VESBO 20X1/2 METAL,UND,0,,0,,,,0
473T,CODO FUSION VESBO 20X90,UND,0,,0,,,,0
474T,BOQUILLA TF 50 MM TIGRE,UND,0,,0,,,,0
475T,NUDO FUSION VESBO 25,UND,0,,0,,,,0
476T,NEPLO INOX 1X6,UND,0,,0,,,,0
477T,"ABRAZADERA AZUL 50 X 1 1/2""",UND,0,,0,,,,0
478T,CODO INOX 1X90 CACHIMBA,UND,0,,0,,,,0
479T,BOQUILLA BRONCE 1/2X3/8 M PITON,UND,0,,0,,,,0
480T,DETECTOR MONOXIDO DE CARBONO 9V,UND,0,,0,,,,0
481T,TEE INOX DE 1/2,UND,0,,0,,,,0
482T,"NEPLO AI 3/4X2""",UND,0,,0,,,,0
483T,REDUCTOR AI 3/4 A 1/2 HEMBRA,UND,0,,0,,,,0
484T,REDUCCION INOX 1X3/4,UND,0,,0,,,,0
485T,VALVULA TF ESFERA 32 MM TIGRE,UND,0,,0,,,,0
486T,CABLE GEMELO 2X14,UND,0,,0,,,,0
487T,"DESTORNILLADOR PLANO 1/8X5""",UND,0,,0,,,,0
488T,FIBRA NEOLITE LISO,UND,0,,0,,,,0
489T,NEPLO INOX 1X3,UND,0,,0,,,,0
490T,BUSHING PVC RED DESAGUE 200X160 MM,UND,0,,0,,,,0
491T,CODO PVC 45 DESAGUE 160 MM TIGRE,UND,0,,0,,,,0
492T,YEE PVC 75MM DESAGUE RIVAL,UND,0,"2,25 US$","2,7",,,,0
493T,YEE PVC RED DESAGUE 110X75MM,UND,0,,0,,,,0
494T,"PLATINA H/N 1/2""X3/16""",UND,0,,0,,,,0
495T,ACEITE PENETRANTE 13.5 ONZ. WD-40,UND,0,,0,,,,0
496T,GUANTE REV. NITRILO MASTER NEGRO N100,UND,0,,0,,,,0
497T,TIJERA PVC TUBO TRUPER GIGANTE,UND,0,,0,,,,0
498T,"VALVULA RED PRES ITAP 143 3/4"" 25/1-6BAR",UND,0,,0,,,,0
499T,BOMBA SIMERGIBLE 0.5H,UND,0,,0,,,,0
500T,MALLA SOLDADA GALVANIZADA 2X2X30X1.50,UND,0,,0,,,,0
501T,"CLAVOS ACERO 2""9X50",UND,0,,0,,,,0
502T,"PLATINA HN 2""X1/4""",UND,0,,0,,,,0
503T,TUBO AC CED40 1 1-4X6 MT,UND,0,,0,,,,0
504T,"TEE MECANICA ROSCABLE RECOMB 2""X 1 1/4",UND,0,,0,,,,0
505T,BOMBA JET PLURIJET 220V 4ET AUT PED,UND,0,,0,,,,0
506T,PLETINA MANGON ECON CEDAL,UND,0,,0,,,,0
507T,PERMAX X 1.45 MM MULTIPUNTI CONFECCIONADO,UND,0,,0,,,,0
508T,LIJA FANDELI TELA n0. 6'0 X MT,UND,0,,0,,,,0
509T,LIJA AGUA FANDELI 180,UND,0,,0,,,,0
510T,NEPLO INOX 1 1/4 CON CINTURA,UND,0,,0,,,,0
511T,NUDO INOX 1 1/4,UND,0,,0,,,,0
512T,ADAPTADOR ESPIGA C ED 40 X 1 1/4 M PLASTIGAMA,UND,0,,0,,,,0
513T,TUNO ESPIGA CED 40X1.25 MPA PLATIGAMA 6 M,UND,0,,0,,,,0
514T,TUBO ESPIGA CED 32X1.25 MPA PLATIGAMA 6 M,UND,0,,0,,,,0
515T,CODEO ESPIGA CED 32 X 45 PLASTIGAMA,UND,0,,0,,,,0
516T,CODO ESPIGA CED 32 X 90 PLASTIGAMA,UND,0,,0,,,,0
517T,VALVULA PIE BR 1 1/4 PEDROLLO,UND,0,,0,,,,0
518T,ABRAZADERA EMT 1/2 LUXAR,UND,0,,0,,,,0
519T,ABRAZADERA EMT 1/2 LUXAR,UND,0,,0,,,,0
520T,PEGAMENTO PVC ARROW NAR 236 ML 1-16,UND,0,,0,,,,0
521T,ADAPTADOR ESPIGA CED 40 X 1 1/4H,UND,0,,0,,,,0
522T,NEPLO POLIP 1 1/4  CON CINTURA,UND,0,,0,,,,0
523T,BOMBA SUMERGIBLE 1 HP 110 V,UND,0,,0,,,,0
524T,PISTOLA DE GRAVEDAD 45 PSI TRUPER RETOQUE,UND,0,,0,,,,0
525T,PINTURA TAN ALUMINO 1/32,UND,0,,0,,,,0
526T,REJILLA DE ALUMINIO 50 MM REDO,UND,0,,0,,,,0
527T,CANALETA ISA DEXSON 13X07X2 MT BLANCA,UND,0,,0,,,,0
528T,SIKA CARTUCHO SIKASIL BLANCO,UND,0,,0,,,,0
529T,"TEE MECANICA RANUR. RECOMB 2 1/2X 1 1/2""",UND,0,,0,,,,0
530T,REDUCCION BRONCE DE 1/2 X 1/4,UND,0,,0,,,,0
531T,CLAVO DE ACERO CHINO,UND,0,,0,,,,0
532T,ALAMBRE GALVANIZADO,UND,0,,0,,,,0
"533T ",BUSHIN HG 1 1/4 X 3/4,UND,0,,0,,,,0
534T,BUSHIN HN 3/4X1/2,UND,0,,0,,,,0
535T,CODO HN 90 X 1 1/4,UND,0,,0,,,,0
536T,TINNER ALQUIDICO,UND,0,,0,,,,0
537T,ESPONJA NEGRA,UND,0,,0,,,,0
538T,CODO AC PS C40 90X1 1/2,UND,0,,0,,,,0
539T,REDUCCION HN RANURADA ROSCABLE RECOMB,UND,0,,0,,,,0
540T,TAPON H 50 MM PLASTIGAMA,UND,0,,0,,,,0
541T,CODO PVC 110MM x 90 DESAGUE RIVAL,UND,0,"1,75 US$","2,1",,,,0
542T,CODO PVC 50MM X 90 DESAGUE RIVAL,UND,0,"0,62 US$","0,744",,,,0
543T,REGULADOR IRAB40KG 1/4 X 3/8 902 X MANOMETRO,UND,0,,0,,,,0
544T,"ESPATULA 2 1/2"" STANLEY",UND,0,,0,,,,0
545T,DETERGENTE 340 GR FLORAL DEJA,UND,0,,0,,,,0
546T,LIJA DE AGUA 150,UND,0,,0,,,,0
547T,VALVULA PVC ESFERA GRIS AZUL 63 MM COMPACTA AB,UND,0,,0,,,,0
548T,REDUCTOR SOL 75 MM X 63 MM ASTORE,UND,0,,0,,,,0
549T,TEE PVC 110 MM,UND,0,,0,,,,0
550T,HORMIPEGA PREMIUM VALV,UND,0,,0,,,,0
551T,VALVULA FILTRA 1/2 GENEBRE BRONCE,UND,0,,0,,,,0
552T,VALVULA FILTRA 1/2 ITAP,UND,0,,0,,,,0
553T,VALVULA ESFERA ROSCABLE AI 1 1/4,UND,0,,0,,,,0
554T,VALVULA ESFERA RNIBCO P/AMARILLA TFP 600A 1/2,UND,0,,0,,,,0
555T,"VALVULA ESFERA AI ROSCABLE 2 CPS 1/2""",UND,0,,0,,,,0
556T,BOMBA WATERPRO 1.5 HP BTP-110 T/PIRAÑA,UND,0,,0,,,,0
557T,ADAPTADOR TF H 25X1/2 TIGRE,UND,0,,0,,,,0
558T,VALVULA PVC BOLA P 1 1/2,UND,0,,0,,,,0
559T,BIJE RED SOLD 1 1/2 X 1 1/4 SCH 40 TIGRE,UND,0,,0,,,,0
560T,CODO PVC 90 DESAGUE 160 MM RIVAL,UND,0,,0,,,,0
561T,VALVULA CHECK YORK 103 BR 3-4,UND,0,,0,,,,0
562T,ADAPTADOR TF M 25 MM X 3/4,UND,0,,0,,,,0
563T,TORNILLO AUTOPERFORANTE 1X8,UND,0,,0,,,,0
564T,VALVULA ANGULAR BR. GIACOMONI HN NPTXNST ULFM 1 1/2,UND,0,,0,,,,0
565T,NIPLE BR 1 1/2 NPT X 1 1/2 NST,UND,0,,0,,,,0
566T,MANGUERA CONTRAINCENDIO CH DOBLE CHAQUETA 15 MT X 1 1/2,UND,0,,0,,,,0
567T,PITON BRONCE PARA MANGUERA NST 1 1/2,UND,0,,0,,,,0
568T,HACHA DE BOMBERO,UND,0,,0,,,,0
569T,EXTINTOR 10 LBS PQS,UND,0,,0,,,,0
570T,BLOWER INDUSTRIAL 0.5 HP 120/220 V HURACAN,UND,0,,0,,,,0
571T,"VALVULA DE BOLA PEGABLE 1 1/2 ",UND,0,,0,,,,0
572T,REDUCTOR DE 1 1/2 X 1 1/4 LASCO,UND,0,,0,,,,0
573T,"VALVULA DE BOLA PEGABLE 1""",UND,0,,0,,,,0
574T,ADAPTADOR H 3/4 LASCO,UND,0,,0,,,,0
575T,"TUBO 1"" CED 40 6 METROS",UND,0,,0,,,,0
576T,CADENA GALVANIZADA 1/8,UND,0,,0,,,,0
577T,CANDADO DE HIERRO 63 MM,UND,0,,0,,,,0
578T,BISAGRA DORADA,UND,0,,0,,,,0
579T,CANALETA BLANCA 22X10,UND,0,,0,,,,0
580T,TOMACORRIENTE DOBLE T AM 2P,UND,0,,0,,,,0
581T,DUCTO DE ALUMINIO PARA VENTILACION,UND,0,,0,,,,0
1228T,"REJILLA VENTILACION 5 X10 ",UND,0,,0,,,,0
1349T,TUBO PVC VENTILACION 50 MMX3MTS,UND,0,,0,,,,0
,TUBO PVC 75MM VENTILACION,,,,0,,,,0
,TUBO PVC 110MM VENTILACION,,,,0,,,,0
,,,,,0,,,,0
582T,TUBO BLANCO CED 40 1 1/4 X 6 METROS,UND,0,,0,,,,0
583T,PEGAMENTO PVC ARROW 118 ML,UND,0,,0,,,,0
"584T ",CINTA PAPEL ALUMINIO ADHESIVO,UND,0,,0,,,,0
585T,PILA ENERGIZER,UND,0,,0,,,,0
586T,CABLE RIGIDO N0. 50 ROJO,UND,0,,0,,,,0
587T,CLAVO DE ACERO CHINO 2 1/2,UND,0,,0,,,,0
588T,CLAVO DE ACERO CHINO  1 1/2,UND,0,,0,,,,0
589T,BOQUILLA DE BLOWER DAMIPLAST,UND,0,,0,,,,0
590T,"VALVULA FILTRA 1"" GENEBRE",UND,0,,0,,,,0
591T,TAPON PEGABLE 1 1/4 H LASCO,UND,0,,0,,,,0
592T,VALVULA CHECK SIAMESA 4 X 2 1/2  DOBLE,UND,0,,0,,,,0
593T,REDUCTOR PVC EXC DESAGUE 75X50 MM RIVAL,UND,0,"1,15 US$","1,38",,,,0
594T,"VALVULA CHECK RANUR FLOWCOM 350 A 2 1/2""",UND,0,,0,,,,0
595T,"BOMBA AGR SUMER UPM 4/3 1.5HP 220V 1.25 M 6"" PEDROLLO",UND,0,,0,,,,0
596T,MOTOR SUMERGIBLE 4.4ZPC55P2-5.5HP,UND,0,,0,,,,0
597T,HIDRAULICA SUMERGIBLE 4SR90G/50 5.5HP 2 MOTOR SUMERGIBLE DE 4,UND,0,,0,,,,0
598T,"TUBO PVC SCH-40 2""X6M 280 PSI EXT/LISOS",UND,0,,0,,,,0
599T,PEGA WELD ON 16 FL 473 ML NARANJA,UND,0,,0,,,,0
600T,"CODO PVC 45 CED 40 DE 2""",UND,0,,0,,,,0
601T,"CODO PVC 90 CED 40 DE 2""",UND,0,,0,,,,0
602T,"TEE PVC CED 40 2 "" GOL",UND,0,,0,,,,0
603T,"ADAPTADOR PVC M 2"" CED 40",UND,0,,0,,,,0
604T,"UNIVERSAL PVC 2"" DURA",UND,0,,0,,,,0
605T,"VALVULA BOLA VIENNA 216 2""",UND,0,,0,,,,0
606T,"VAVULA CHECK YORK 103 BR 1 1/4""",UND,0,,0,,,,0
607T,"VAVULA CHECK YORK 103 BR 2""",UND,0,,0,,,,0
608T,TANQUE HID TD-300/10 VERTICAL INM,UND,0,,0,,,,0
609T,ADAPTADOR PEGA 2 H LASCO,UND,0,,0,,,,0
610T,NUDO PVC PEGA 1 1/4,UND,0,,0,,,,0
611T,"BUSHING PEGA  1 1/4 X 1"" LASCO",UND,0,,0,,,,0
612T,TEE PEGA 1 1/4  LASCO,UND,0,,0,,,,0
613T,BUSHING PEGA 1 1/4 X 1/2 LASCO,UND,0,,0,,,,0
614T,ADAPTADOR PEGA 1 1/2  LASCO,UND,0,,0,,,,0
615T,BUSHING PEGABLE 1 1/2X 1 1/4 LASCO,UND,0,,0,,,,0
616T,"NEPLO AC CED 40  2 X 8""",UND,0,,0,,,,0
617T,"BUSHING HN ULFM 4"" X 2 1/2""",UND,0,,0,,,,0
618T,"VALVULA ESFERA AI ROSCABLE 2 CPS 1""",UND,0,,0,,,,0
619T,RIEL METAL 40X20 3 METROS,UND,0,,0,,,,0
620T,"ABRAZADERA PERA 2 1/2""",UND,0,,0,,,,0
621T,ADAPTADOR PEGA 1 1/4 M LASCO,UND,0,,0,,,,0
622T,NEPLO POLIP 1/2 C CINT PMEX,UND,0,,0,,,,0
623T,UNION DE BRONCE DE 1/2X1/2XM-H CACHIMBA,UND,0,,0,,,,0
624T,ADAPTADOR PVC M ROSCABLE 50X1 1/2,UND,0,,0,,,,0
625T,TUBO PVC 50 MM X 6METROS,UND,0,,0,,,,0
626T,CODO PVC 45 PRESION 50 MM,UND,0,,0,,,,0
627T,CODO PVC 90 PRESION 50 MM,UND,0,,0,,,,0
628T,YEE PVC 50MM DESAGUE RIVAL,UND,0,"0,92 US$","1,104",,,,0
629T,BOMBA SUMERGIBLE TRUPER 1.5 HP 110 V TRUPER,UND,0,,0,,,,0
630T,UNION BRONCE 1/2X1/2 MH CACHIMBA,UND,0,,0,,,,0
631T,"BUSHING HN ULFM 1 1/4""X1""",UND,0,,0,,,,0
632T,SIFON PVC 110MM DESAGUE RIVAL,UND,0,"4,90 US$","5,88",,,,0
633T,SIFON PVC 75MM DESAGUE RIVAL,UND,0,"3,58 US$","4,296",,,,0
634T,UNION PVC DESAGUE 50 MM RIVAL,UND,0,,0,,,,0
635T,UNION PVC DESAGUE 75 MM RIVAL,UND,0,,0,,,,0
636T,SIFON PVC 50 MM DESAGUE RIVAL,UND,0,"1,98 US$","2,376",,,,0
637T,POLILIMPIA 125 CC,UND,0,,0,,,,0
638T,KALIPEGA 946 CC LITRO,UND,0,,0,,,,0
639T,"KALIPEGA 500 CC ",UND,0,,0,,,,0
640T,NUDO PEGA 1/2 LASCO,UND,0,,0,,,,0
641T,TEE PVC CED40 PEGABLE TIGRE,UND,0,,0,,,,0
642T,BUJE PVC C40 3/4X1/2 DURA,UND,0,,0,,,,0
643T,"ADAPTADOR PVC H 3/4 CED40 ",UND,0,,0,,,,0
644T,VALVULA REDUCTORA P/AGUA 3/4 GENEBRE,UND,0,,0,,,,0
645T,ADAPATADOR PEGABLE 3/4 M LASCO,UND,0,,0,,,,0
646T,"DUCHA MONOCOMANDO FV FLOW E108/B3 CR ",UND,0,,0,,,,0
647T,SUELDA FRIO JUST COOPER JACO,UND,0,,0,,,,0
648T,PUENTE TF VESBO 32 MM,UND,0,,0,,,,0
649T,PUENTE TF VESBO 25 MM CORTO,UND,0,,0,,,,0
650T,CODO PEGABLE 1/2X90,UND,0,,0,,,,0
651T,ADAPTADOR PEGABLE 1/2 MACHO,UND,0,,0,,,,0
652T,CUELLO FLEX TUBER,UND,0,,0,,,,0
653T,CINTA EMPALME ADHESIVA,UND,0,,0,,,,0
654T,PINTURA REFLECTIONS,UND,0,,0,,,,0
655T,"ROLLER BRUSH 8"" MANGO",UND,0,,0,,,,0
656T,TORNILLO EMB P-AGLON,UND,0,,0,,,,0
657T,UNIVERSAL SOLDABLE 50 MM HID,UND,0,,0,,,,0
658T,"NUDO UNIVERSAL INOX DE 1 1/2” ",UND,0,,0,,,,0
659T,TUBO PVC SILVER 75 MM X 3 M RIVAL,UND,0,,0,,,,0
660T,"BROCA P CONCRETO 3/8""X6""",UND,0,,0,,,,0
661T,POLYEXPANDED BARRA 40 MM GRIS,UND,0,,0,,,,0
662T,"UNION HN ULFM 1 1/4""",UND,0,,0,,,,0
663T,"TUBO AC CED40 3""X6METROS",UND,0,,0,,,,0
664T,"CODO HN RANURADO 90X3""",UND,0,,0,,,,0
665T,"UNION RANURADA FLEXIBLE 3""",UND,0,,0,,,,0
666T,"TEE MECANICA  ROSCABLE 3""X 1 1/2",UND,0,,0,,,,0
667T,"BUSHING HG ULFM 1 1/2 X 1 1/4""",UND,0,,0,,,,0
668T,"COLGADOR AG PERA ULFM 3""",UND,0,,0,,,,0
669T,CAJETIN RECTANGULAR DEPLASTICO,UND,0,,0,,,,0
670T,TIJERA TF MECANICA P-CORTE,UND,0,,0,,,,0
671T,SIFON PVC 1 1/2 CON PLACA B,UND,0,,0,,,,0
672T,CHUPON UNIVERSAL 4 EN 1,UND,0,,0,,,,0
673T,CANASTILLA PLASTICA DE 1 1/2 YETKA COMPLETO,UND,0,,0,,,,0
674T,"CODO HG 150 ULFM 90X 1  1/4""",UND,0,,0,,,,0
675T,"TEE HN ULFM 3""",UND,0,,0,,,,0
676T,SIFON DE 1 1/2 PARA COCINA CON FREGADERO CON REBOSADERO,UND,0,,0,,,,0
677T,ESPUMA DE MULTIPOSICION,UND,0,,0,,,,0
678T,NEPLO INOX 1X4,UND,0,,0,,,,0
679T,"CODO HN 150 ULFM 90X1/2""",UND,0,,0,,,,0
680T,TUERCA DE ACERO G5 3/8 HILO 16,UND,0,,0,,,,0
681T,MASILLA PARA GYPSUM,UND,0,,0,,,,0
682T,UNION POLIP 1/2 M-H PMEX,UND,0,,0,,,,0
683T,KALIPEGA 125 CC,UND,0,,0,,,,0
684T,"GUANTE DE CUERO GRIS 20"" PARA SOLDAR",UND,0,,0,,,,0
685T,NUDO ESPIGA 50 GOL,UND,0,,0,,,,0
686T,LLAVE DE CHORRO FV,UND,0,,0,,,,0
687T,PERNO ANCLAJE ZINC,UND,0,,0,,,,0
688T,EQUIPO DE PRESURIZACION ELECTRONICO,UND,0,,0,,,,0
689T,"UNION HG THAI 1 1/4""",UND,0,,0,,,,0
690T,"CODO HN RANURADO RECOMB ULFM 45X3""",UND,0,,0,,,,0
"691T ","PLATINA DE 1 1/2 X 1/8""",UND,0,,0,,,,0
692T,REDUCCION PEGABLE 1 X 3/4 LASCO CAMPANA CHARLOT,UND,0,,0,,,,0
693T,"REDUCCION HN RANURADA 3X2""",UND,0,,0,,,,0
694T,"BROCA P CONCRETO 5/8""",UND,0,,0,,,,0
695T,PEGAMENTO PVC C ARROW NAR 950 ML,UND,0,,0,,,,0
696T,REDUCCION PEGABLE DE 1 1/4 X 1,UND,0,,0,,,,0
697T,REDUCCION PEGABLE DE 1 X 1/2,UND,0,,0,,,,0
698T,CODO HG 150 ULFM 45X1,UND,0,,0,,,,0
699T,TEE HG 1/2,UND,0,,0,,,,0
700T,NEPLO HG DE 1/2 CON CINTURA,UND,0,,0,,,,0
701T,"ADAPTADOR P-MA HEMBRA ",UND,0,,0,,,,0
702T,"NEPLO INOX 1/2 X 3""",UND,0,,0,,,,0
703T,"LLAVE ANGULAR 1/2 X 1/2 MM ",UND,0,"7,52 US$","9,024",,,,0
704T,RUEDAS PARA ANDAMIOS,UND,0,,0,,,,0
705T,UNION PVC 3/4 PEGABLE TIGRE,UND,0,,0,,,,0
706T,CODO PVC 45 PEGABLE 3/4 TIGRE,UND,0,,0,,,,0
707T,PEGA WELD ON TIGRE 237 ML,UND,0,,0,,,,0
708T,PLACA DECORATIVA PARA ROCIADOR,UND,0,"1,12 US$","1,34376",,,,0
709T,"TORNILLOS TIRAFONDOS 1 1/2""",UND,0,,0,,,,0
710T,TACOS FISHER N0.6,UND,0,,0,,,,0
711T,MANGUERA CONTRAINCENDIOS DOBLE CHAQUETA 30 M X 1 1/2,UND,0,,0,,,,0
712T,GABINETE SOBREPUESTO HN 70X22,UND,0,,0,,,,0
713T,"LLAVE SPANER 2 1/2 X 1/2""",UND,0,,0,,,,0
714T,"SIFON ACORDEON MAS REJILLA E 2460 ",UND,0,,0,,,,0
715T,"SIFON ACORDEON EDESA + REJILLA INOX 1 1/2 ",UND,0,,0,,,,0
716T,TUBO ABASTO 5/8 X 1/2 SANITARIOS 40 H-M FV E 2750,UND,0,,0,,,,0
717T,ABRAZADERA EMT 3/4 LUXAR,UND,0,,0,,,,0
718T,CODO PEGABLE TIGRE 50X90,UND,0,,0,,,,0
719T,"BUSHING HN ULFM 2 1/2X 2""",UND,0,,0,,,,0
720T,CAJA METAL CARGA GAS 35X35X18,UND,0,,0,,,,0
721T,VALVULA ALIVIO GAS 1/2 3129G,UND,0,,0,,,,0
722T,TEE CHECK ACOPLE DOBLE 1 1/4 REGO L7579 ACNE,UND,0,,0,,,,0
723T,CODO INOX 1 1/4 X 90,UND,0,,0,,,,0
724T,BOQUILLA BRONCE 1/2X 5/8 M PITON RECTA,UND,0,,0,,,,0
725T,PEGA WELD ON 118ML PRETTO TRANSPARENTE,UND,0,,0,,,,0
726T,NEPLO INOX 1 1/2 CON CINTURA,UND,0,,0,,,,0
727T,"NEPLO AI 3/4 X 4""",UND,0,,0,,,,0
728T,"NUDO AI ROSCABLE 3/4""",UND,0,,0,,,,0
729T,"NEPLO AI 1X6""",UND,0,,0,,,,0
730T,"VALVULA ESFERICA A/I ROSCABLE P/T 2 CPS 3/4""",UND,0,,0,,,,0
731T,"VALVULA CHECK YORK 103 BR 1/2""",UND,0,,0,,,,0
732T,TE ACOPLE DESCARGA 1 3/4 X 1 NPT REGO,UND,0,,0,,,,0
733T,VALVULA CHECK VERTICAL DE 1 1/4,UND,0,,0,,,,0
734T,ADAPTADOR PEGABLE 1 1/2 M LASCO,UND,0,,0,,,,0
735T,VALVULA ESFERA GAS 1/2 MARIPOSA H/H ITAP,UND,0,,0,,,,0
736T,TERMOTANQUE GAS PISO 40 GALONES RHEEM,UND,0,,0,,,,0
737T,ACEITE WW 40 SPRAY 5.50 ONZAS,UND,0,"1,80 US$","2,16",,,,0
738T,PERMAX S 1.5 MM MILIPUNTI CONFECCIONADO,UND,0,,0,,,,0
739T,CODO TF ADAPTADOR H 90 25X3/4 TIGRE,UND,0,,0,,,,0
740T,TEE PVC DAPATADOR PRESION PEGRABLE ROSCABLE 32X3/4,UND,0,,0,,,,0
741T,NUDO AI ROSCABLE 1 1/4,UND,0,,0,,,,0
742T,GRILLETE GALVANIZADO CABLE 3-16,UND,0,,0,,,,0
743T,CORTADOR TUBO 1X1/8 ACOBRE,UND,0,,0,,,,0
744T,VALVULA DE SERVICIO,UND,0,,0,,,,0
745T,"VALVULA DE ALIVIO-SEGURIDAD 1"" 8684G",UND,0,,0,,,,0
746T,NEPLOINOX 1 1/4X4,UND,0,,0,,,,0
747T,REGULADOR TANQUE 3 KG RECA (35MBAR),UND,0,,0,,,,0
748T,"TEE AI ROSCABLE 3/4""",UND,0,,0,,,,0
749T,"BUSHING AI 3/4 X 1/2""",UND,0,,0,,,,0
750T,"TUBO AI 304L CED40 1/2""",UND,0,,0,,,,0
751T,"TUBO AI 304L CED40 3/4""",UND,0,,0,,,,0
752T,"CODO AI ROSCABLE 90 X 3-4""",UND,0,,0,,,,0
753T,"CODO AI ROSCABLE 45 X 3-4""",UND,0,,0,,,,0
754T,"UNION AI ROSCABLE  3/4""",UND,0,,0,,,,0
755T,NEPLO AC CED40 3/4 PERDIDO,UND,0,,0,,,,0
756T,"GRILLETE DE 1/8""",UND,0,,0,,,,0
757T,"CODO AI  ROSCABLE 90X1 1/4""",UND,0,,0,,,,0
758T,"TAPON MACHO AI DE 1/2""",UND,0,,0,,,,0
759T,INDICADOR NIVEL TANQUE 2 M3,UND,0,,0,,,,0
760T,TEE MANGO POOL 1/2 X 100 CM PIG TAIL COFLEX,UND,0,,0,,,,0
761T,"MANGUERA R1 X 1.50 1""",UND,0,,0,,,,0
762T,REGULADOR TANQUE 1.3 KG RECA (634),UND,0,,0,,,,0
763T,"NUDO INOX 1/2""",UND,0,,0,,,,0
764T,BONDEX STANDARD 5 KL,UND,0,,0,,,,0
765T,BOMBA AGR 2CPM25/16B 2HP 220V/60 HZ PEDROLO,UND,0,,0,,,,0
766T,TANQUE HID T-20010 VERTICAL,UND,0,,0,,,,0
767T,"RODILLO FELPA SEMI RUGOSO 9""",UND,0,,0,,,,0
768T,CEMENTO ASFALTO 20 KG,UND,0,,0,,,,0
769T,IMPERMEABILIZANTE CHOVA TECHO,UND,0,,0,,,,0
770T,"BROCHA MANGO PLASTICO 5""",UND,0,,0,,,,0
771T,ANTORCHA DE GAS 65 CM P/CHOVA,UND,0,,0,,,,0
772T,VALVULA ESFERA AGUA 1 1/4 PALANCA H-H GENEBRE WOG,UND,0,,0,,,,0
773T,UNION PITON BRONCE 3/8 MONDIAL,UND,0,,0,,,,0
774T,TEE MECANICA ROSCABLE STRAP 1 1/2X1/2,UND,0,,0,,,,0
775T,CODO HN 150 ULFM 90 X 1 1/2,UND,0,,0,,,,0
776T,TEE ROSCABLE DE 1/2,UND,0,,0,,,,0
777T,CODO AC CED 40 90X2,UND,0,,0,,,,0
778T,"TEE HN ULFM  2""",UND,0,,0,,,,0
779T,TEE PVC CED 40  1 X 1/2 TIGRE,UND,0,,0,,,,0
780T,"ADAPTADOR PVC H 1""",UND,0,,0,,,,0
781T,"CODO PVC 90 1 1/4"" CED 40 PRESION",UND,0,,0,,,,0
782T,"NEPLO AC C40 1 1/2X2""",UND,0,,0,,,,0
783T,ROSCA HG*-HN 1 1/2,UND,0,,0,,,,0
784T,VALVULA PVC ESFERICA GRIS AZUL 32 MM,UND,0,,0,,,,0
785T,VALVULA ESFERA BR 1 TOTAL EA,UND,0,,0,,,,0
786T,"VALVULA CHECK RANURADA ULFM 2 1/2""",UND,0,,0,,,,0
787T,"CRUZ HN RANURADO RECOMB 2""",UND,0,,0,,,,0
788T,NEPLO AC CED 80M 1 1/2 X 4,UND,0,,0,,,,0
789T,NEPLO AC CED 80M 1 1/2 X 6,UND,0,,0,,,,0
790T,ROCIADOR AUTOMATICO MONTANTE 1/2 GRIS,UND,0,,0,,,,0
791T,ELECTROVALVULA 110V 1/2 NORMALMENTE ABIERTA,UND,0,,0,,,,0
792T,TEMPORIZADOR 11V 16A,UND,0,,0,,,,0
793T,YEE PVC DESAGUE 75X50 MM RIVAL,UND,0,,0,,,,0
794T,PERNO FLANGE 8X25,UND,0,,0,,,,0
795T,"TUERCA  ACERO GALVANIZADA 1""",UND,0,,0,,,,0
796T,CINTA DOBLE FAZ 18MMX2M,UND,0,,0,,,,0
797T,PERNO ANCLAJE 3/8 X 1 7/8,UND,0,,0,,,,0
798T,TEE PVC DESAGUE 75 MM,UND,0,,0,,,,0
799T,TUBO HN C40 1 1/2 X METRO,UND,0,,0,,,,0
800T,ROSCA HG HN 1 1/2,UND,0,,0,,,,0
801T,NEPLO INOX 3/4 CON CINTURA,UND,0,,0,,,,0
802T,"VALVULA CHECK HORIZONTAL 3/4""",UND,0,,0,,,,0
803T,"ELEVADOR 3/4""",UND,0,,0,,,,0
804T,PUENTE TF CORTO HH 25 MM,UND,0,,0,,,,0
805T,BOMBA CENTRIFUGA CP6804-10HP 220/440V TRIFASICA,UND,0,,0,,,,0
806T,TANQUE HID ZILMET ITA-V 100 LTS H95XD45CM PMAX:125 PSI,UND,0,,0,,,,0
807T,TABLERO DE PASO 20X30,UND,0,,0,,,,0
808T,POLITUBO 1/2 PUNTA BLANCA,UND,0,,0,,,,0
"809T ","ADAPATADOR TF H 32 MMX1""",UND,0,,0,,,,0
810T,"REDUCCION HN RANRUADA RECOMB 4X2""",UND,0,,0,,,,0
811T,"REDUCCION HN RANURADA 3X2 1/2""",UND,0,,0,,,,0
812T,"VALVULA ESFERA AI ROSC 2""",UND,0,,0,,,,0
813T,VALVULA ALIVIO AGUA 3/4 X 150 PSI. ACME-COFLEX,UND,0,,0,,,,0
814T,UNION PEGABLE 1 1/2 LASCO,UND,0,,0,,,,0
815T,"FLOTADOR TANQUE 3-4 ",UND,0,,0,,,,0
816T,CODO FUSION VESBO 25X3-4 MACHO METAL,UND,0,,0,,,,0
817T,PERMAX S 1 MM MILIPUNTI CONFECCIONADO,UND,0,,0,,,,0
818T,"TUBO 2"" RIVAL 280 PSI",UND,0,,0,,,,0
819T,"NUDO 2"" PCP PRESION CAPILAR",UND,0,,0,,,,0
820T,TANQUE TIPO BOTELLA 2500 LITROS RIVAL,UND,0,,0,,,,0
821T,"TEE 2"" LASCO",UND,0,,0,,,,0
822T,"ADAPTADOR HEMBRA 2"" LASCO",UND,0,,0,,,,0
823T,REDUCTOR 2 A 1/2 LASCO,UND,0,,0,,,,0
824T,TEE 1/2 LASCO,UND,0,,0,,,,0
825T,REDUCTOR DE 2 A 1 1/2 LASCO,UND,0,,0,,,,0
826T,NUDO 1 1/2 PCP PRESION CAPILAR,UND,0,,0,,,,0
827T,"SENSOR DE NIVEL INOX 1/2"" 90 G",UND,0,,0,,,,0
828T,RELE RELEQUICK RVS10N060V0005P 110V,UND,0,,0,,,,0
829T,BASE RELEQUICK SVB10D010110V 5P 110V,UND,0,,0,,,,0
830T,BUSHING PEGABLE 2 X 1/2 LASCO,UND,0,,0,,,,0
831T,BUSHING PEGABLE 2 X 1 LASCO,UND,0,,0,,,,0
832T,NEPLO INOX 2 CON CINTURA,UND,0,,0,,,,0
833T,"NUDO INOX 2""",UND,0,,0,,,,0
834T,NUDO PEGABLE 1 PCP,UND,0,,0,,,,0
835T,VALVULA ESFERA AGUA 1 1/2 PALANCA H-H GENEBRE,UND,0,,0,,,,0
836T,VALVULA ESFERA AGUA 2 PALANCA  GENEBRE WOG,UND,0,,0,,,,0
837T,VALVULA PIE BR 2 PEDROLLO,UND,0,,0,,,,0
838T,MANOMETRO 100 PSI PAOLO,UND,0,,0,,,,0
839T,ADAPTADOR M PRESION PEGABLE ROSCABLE 50X 1 1/2,UND,0,,0,,,,0
840T,"NEPLO HG 2"" C/CINTURA",UND,0,,0,,,,0
841T,BROCA 5/16X4X6 DEWALT ROTOMARTILLO,UND,0,,0,,,,0
842T,"TAPON HN RANURA ULFM 2""",UND,0,,0,,,,0
843T,BUJE PVC 2 X 1 1/2 ROSCABLE,UND,0,,0,,,,0
844T,PLYWOOD 9 LINEAS TC 1 22X2.44 CM,UND,0,,0,,,,0
845T,FLEXOMETRO FORTIA 5 M,UND,0,,0,,,,0
846T,NEPLO INOX 1/2 X 6,UND,0,,0,,,,0
847T,PERNO ALLEN DE ACERO 6X16,UND,0,,0,,,,0
848T,PERNO ALLEN DE ACERO 6X20,UND,0,,0,,,,0
849T,BOQUILLA CALEFON 1/2 PITON TUERCA LOCA,UND,0,,0,,,,0
850T,ADAPTADOR PVC H PRESION PREGROS 25X3/4,UND,0,,0,,,,0
851T,TUBO PVC E-C 25MMX1.25MPA X 6M TIGRE,UND,0,,0,,,,0
852T,LLAVE DE PASO MANIJA FV E471.13,UND,0,,0,,,,0
853T,"BOMBA ESYBOX SPC BOOSTER 2, HP 2027240V 1F 60 HZ 60161182",UND,0,,0,,,,0
854T,NEPLO INOX 1/4 C/CINTURA,UND,0,,0,,,,0
855T,FILTRO RETEN 1” GENEBRE PLASTICO,UND,0,,0,,,,0
856T,"NEPLO A/C CED/80 3/4 X 8""",UND,0,,0,,,,0
857T,CODO A/C P/S CED 40 90X3/4,UND,0,,0,,,,0
858T,TUBO AC CED40 S/C P/S 3/4 X 6 M,UND,0,,0,,,,0
859T," UNION AI ROSCABLE  1 1/4""",UND,0,,0,,,,0
860T,TUBO PVC SILVER 110MMX3M RIVAL,UND,0,,0,,,,0
861T,NUDO FUSION VESBO 32 MM,UND,0,,0,,,,0
862T,"CODO CACHIMBA INOX 1 1/4X90  ",UND,0,,0,,,,0
863T,PUENTE TF VESBO 32 MM,UND,0,,0,,,,0
864T,TUBO AC CED10 RANURADO ROJO A795  1 1/2 X 6 M,UND,0,,0,,,,0
865T,UNION HN RANURADA RIGIDA RECOMB 2.1/2,UND,0,,0,,,,0
866T,TUBO AC CED 10 RANURADO ROJO A795 2 1/2,UND,0,,0,,,,0
867T,"BROCHA 1 1/2""",UND,0,"0,43 US$","0,516",,,,0
868T,TANQUE PE 5000 LITROS PLASTIGAMA,UND,0,,0,,,,0
869T,"ADAPTADOR PVC TANQUE ROSCABLE 1"" TIGRE",UND,0,,0,,,,0
870T,"ADAPTADOR PVC TANQUE ROSCABLE 3/4"" TIGRE",UND,0,,0,,,,0
871T,LIJA N0. 240,UND,0,,0,,,,0
872T,TUBO DE ABASTO PARA CALEFON,UND,0,,0,,,,0
873T,DISOLVENTE 3.78 LTS,UND,0,,0,,,,0
874T,NUDO DE 1/2 PLASTIGAMA,UND,0,,0,,,,0
875T,CODO DE 1/2 X 45 PLASTIGAMA,UND,0,,0,,,,0
876T,REDUCCION HN RANURADA ULFM 3 X 2 1/2,UND,0,,0,,,,0
877T,TUBO HN RANURADO ROJO C10 3· X 5.80 METROS,UND,0,,0,,,,0
878T,"CRUZ RANURADA 3""",UND,0,,0,,,,0
879T,VALVULA ALIVIO GAS 1/4 3127G,UND,0,,0,,,,0
880T,PISTOLA SILICON TUBO NEGRA,UND,0,,0,,,,0
881T,ANGULO ACERO A36 1/2X1/8 (40X3) X 6M,UND,0,,0,,,,0
882T,SIFON ACOPLE EDESA 1 1/4,UND,0,,0,,,,0
883T,DESAGUE LAVATORIO TAPA GIRATORIA,UND,0,,0,,,,0
884T,BOMBA  DAB INVERTERN 1 HP 115-220V E .SYBOX MINI 3 60 LPM A 24 PSI,UND,0,,0,,,,0
885T,"DETECTOR DE HUMO JEM ST82 C-BATERIA 9V-DC ",UND,0,,0,,,,0
886T,MASCARA PROTECTORA DE SOLDAR,UND,0,,0,,,,0
887T,LLAVE FRANCESA IRWIN,UND,0,,0,,,,0
888T,"NEPLO AI DE 1 X 12""",UND,0,,0,,,,0
889T,"NEPLO AI DE 1 X 3""",UND,0,,0,,,,0
890T,"UNION HN RANURADA FLEXIBLE 4""",UND,0,,0,,,,0
891T,MANGUERA REFORZADA NEGRA 3/8 GAS,UND,0,,0,,,,0
892T,"VALVULA REDUCTORA DE PRESION DE 1/2""",UND,0,,0,,,,0
893T,PERNO TIRAFONDO 1/4X2 UNIDADES,UND,0,,0,,,,0
894T,"NEPLO HN 20 CM X 2 1/2""",UND,0,,0,,,,0
895T,"NEPLO AI DE 1/2 X 8""",UND,0,,0,,,,0
896T,"NEPLO AI DE 1/2 X 6""",UND,0,,0,,,,0
897T,"NEPLO AI DE 1/2 X 2""",UND,0,,0,,,,0
898T,"CODO TF ADAPTADOR M 90 20 X 1/2""",UND,0,"1,80 US$","2,16",,,,0
899T,TAPON RANURADO 1  1/2  TIPO VIATULIC,UND,0,,0,,,,0
900T,"TAPON RANURADO 2 1/2""",UND,0,,0,,,,0
901T,"UNION INOX 1""",UND,0,,0,,,,0
902T,"BUSHING INOX 1 1/4 X 1""",UND,0,,0,,,,0
903T,"TERMINAL ESPIGA 50X 1,1/2(M) PLASTIGAMA",UND,0,,0,,,,0
904T,"TERMINAL ESPIGA 50X 1,1/2(H) PLASTIGAMA",UND,0,,0,,,,0
905T,"TUERCA CON ARANDELA 8""X 1,25 U",UND,0,,0,,,,0
906T,TEE ESPIGA 50 PLIMAT,UND,0,,0,,,,0
907T,BUSHING ESPIGA 50X40 PLASTIGAMA,UND,0,,0,,,,0
908T,VALVULA PEGABLE C/NUD  1 1/4 LD (AZUL),UND,0,,0,,,,0
909T,UNION PEGABLE 1/2 LASCO,UND,0,,0,,,,0
910T,"REDUCCION HN RANURADA 4X2 1/2""",UND,0,,0,,,,0
911T,BROCA HSS LARGA 1/2X4 1/1X1,UND,0,,0,,,,0
912T,CINTA CAFÉ ADHESIVA 48MMX80YDOS,UND,0,,0,,,,0
913T,BROCA DE COBALTO DEWALT 3/8,UND,0,,0,,,,0
914T,"DISCO DE CORTE METAL INDUSTRIAL 16""",UND,0,,0,,,,0
915T,"PERNO DE ACERO DE 3/8 X 1,1/2""",UND,0,,0,,,,0
916T,"CODO AI ROSCABLE 90X1/2""",UND,0,,0,,,,0
917T,ANGULO AI C40X3,UND,0,,0,,,,0
918T,"NEPLO AI 1/2 X 4""",UND,0,,0,,,,0
919T,ENCHUFE 2 PATAS,UND,0,,0,,,,0
920T,TAPON PEGABLE 2 H LASCO,UND,0,,0,,,,0
921T,"NUDO HN ULFM 1/2""",UND,0,,0,,,,0
922T,"CODO HG CIFUNSA 45X1-2""",UND,0,,0,,,,0
923T,GAFAS DEPORTIVAS PROTECTORAS,UND,0,,0,,,,0
924T,NEPLO INOX DE 2.1-2X30CM,UND,0,,0,,,,0
925T,"NEPLO AC 1/2X2""",UND,0,,0,,,,0
926T,CONECTOR MACHO DE MANGUERA,UND,0,,0,,,,0
927T,"MANOMETRO 180 PSI X 1/8""",UND,0,,0,,,,0
928T,NEPLO INOX 3/4X1/2,UND,0,,0,,,,0
929T,"CODO AI ROSCABLE 45 X 1/2""",UND,0,,0,,,,0
930T,"NEPLO BR 1/2 X 1/4"" (NR 1214)",UND,0,,0,,,,0
931T,"NEPLO BR 1/2 X 1/2"" (UMM 1212)",UND,0,,0,,,,0
932T,ANGULO DE ACERO 1 1/4 X 3/16 X 6 METROS,UND,0,,0,,,,0
933T,TANQUE DE GAS GLP 1 M3,UND,0,,0,,,,0
934T,BROCA DE METAL 15/32,UND,0,,0,,,,0
935T,"PERNO DE ANCLAJE 8,30 FLANGE",UND,0,,0,,,,0
936T,ROCIADOR NORMADO ULFM,UND,0,,0,,,,0
937T,CASCO AMARILLO,UND,0,,0,,,,0
938T,"MANGUERA CORRUGADA 3/4""",UND,0,,0,,,,0
939T,TAPON MACHO HG 3/4,UND,0,,0,,,,0
940T,"TAPON MACHO HG 1""",UND,0,,0,,,,0
941T,"HAROMAK DISCO DORADO CERAMICA 4 1/2 22,23MM",UND,0,,0,,,,0
942T,"HAROMAK DISCO VERDE PORCELANATO CONTINUO 4 1/2 ",UND,0,,0,,,,0
943T,TAPA PVC H DESAGUE 50 MM TIGRE,UND,0,,0,,,,0
944T,TAPA PVC H DESAGUE 75 MM TIGRE,UND,0,,0,,,,0
945T,"PUENTE DE BRONCE DE 1/2""",UND,0,,0,,,,0
946T,TAPON H 1 1/2 DAMIPLASTHI,UND,0,,0,,,,0
947T,"TAPON H 1"" A/F LASCO",UND,0,,0,,,,0
948T,NEPLO INOX 1/2X4,UND,0,,0,,,,0
949T,PURGADOR AIRE 1/2 ITAP,UND,0,,0,,,,0
950T,LETRERO GABINETE DE INCENDIO,UND,0,,0,,,,0
951T,EMPAQUE PARA MANGUERA 10PZ TRUPER,UND,0,,0,,,,0
952T,PISTOLA DE CALOR BK-HG109,UND,0,,0,,,,0
953T,ESPONJA,UND,0,,0,,,,0
954T,REGULADOR 4 KL RECA,UND,0,,0,,,,0
955T,VALVULA FILTRA 3/4 GENEBRE,UND,0,,0,,,,0
956T,REGULADOR 2DA 17 KG 1/2X1/2 RECA VERDE,UND,0,,0,,,,0
957T,BUSHING INOX 1 X 3/4,UND,0,,0,,,,0
958T,VALVULA FLOTADOR ESSETI 3/4,UND,0,,0,,,,0
959T,TAPA PVC H DESAGUE 110 MM TIGRE,UND,0,,0,,,,0
960T,TUBO TF 110MM X 4 M PN 16,UND,0,,0,,,,0
961T,UNION TF 110 MM PN 25,UND,0,,0,,,,0
962T,ADAPTADOR TF H 110 MM X 4 PULGADAS,UND,0,,0,,,,0
963T,TEE REDUCIDA TF 110MM X 75MMX110MM PN 25,UND,0,,0,,,,0
964T,CODO TF 110MM X 92MM PN 25,UND,0,,0,,,,0
965T,ADAPTADOR TF H 75 X 2 1/2 MM PN 25,UND,0,,0,,,,0
966T,TUBO TF 75 X 6.8 MM PN 16,UND,0,,0,,,,0
967T,CODO TF 90 X 75MM PN 25,UND,0,,0,,,,0
968T,UNION TF UNIVERSAL 25 MM TORO,UND,0,,0,,,,0
969T,UNION TF UNIVERSAL 20 MM TORO,UND,0,,0,,,,0
970T,NEPLO CED 40 1 1/2X8 MM,UND,0,,0,,,,0
971T,BOMBA JET PLURIJET 4/200 2 HP 220V 4 ETAPAS AUTOCEBANTE,UND,0,,0,,,,0
972T,BOMBA CENTRIFUGA CP6809 10 HP 220/440V TRIFASICA,UND,0,,0,,,,0
973T,"HIDROLAVADORA 120V M 60HZ1,4KW 1450 PSI 1400W 100BAR 10MPA_CON MANIJA RUEDA Y ACOPLE AMERICANO",UND,0,,0,,,,0
974T,UNION TF 75 MM PN25,UND,0,,0,,,,0
975T,BOQUILLA DE BRONCE 1/4X3/8,UND,0,,0,,,,0
976T,VALVULA ANGULAR FLOU COM 2 1/2,UND,0,,0,,,,0
977T,TAPON BR MACHO 2 1/2 PARA SIAMESA,UND,0,,0,,,,0
978T,PLACA REDONDA PARA SIAMESA,UND,0,,0,,,,0
979T,VALVULA DE ACOPLE RAPIDO 3/4,UND,0,,0,,,,0
980T,BAYONETA ACOPLE RAPIDO 3/4,UND,0,,0,,,,0
981T,ADAPTADORNFLEX 1/2 PLASTIGAMA,UND,0,,0,,,,0
982T,CODO PVC 90X3-4 ROSCABLE,UND,0,,0,,,,0
983T,MANGUERA POOL 1/2X 100 CM COFLEX,UND,0,,0,,,,0
984T,TAPON TF H 25 MM,UND,0,,0,,,,0
985T,"NEPLO AI 1/2"" PERDIDO",UND,0,,0,,,,0
986T,TIZA INDUSTRIAL,UND,0,,0,,,,0
987T,"NUDO AI ROSCABLE 2""",UND,0,,0,,,,0
988T,"AISLANTE TERMICO 3 MM X 1,22",UND,0,,0,,,,0
989T,PROTECTOR AUDITIVO,UND,0,,0,,,,0
990T,BOTINES NEGRO TRABAJO,UND,0,,0,,,,0
991T,BUJE PVC CORTO 63X50,UND,0,,0,,,,0
992T,TUBO PVC E-C 63X1X6M,UND,0,,0,,,,0
993T,TEE PEGABLE REDUCCION 1X1/2 LASCO,UND,0,,0,,,,0
994T,"ADAPTADOR H 2"" LASCO",UND,0,,0,,,,0
995T,ESMALTE AMARILLO 1 LITRO,UND,0,,0,,,,0
996T,TEE REDUCIDA DE 25 A 20MM,UND,0,,0,,,,0
997T,PEGA LOG TUBO 1000 CC RIVAL,UND,0,,0,,,,0
998T,ANGULO 1 1/4 X 3/16,UND,0,,0,,,,0
999T,BUJE PVC CED 40 2X1 DURA,UND,0,,0,,,,0
1000T,ADAPTADOR PVC M CED 40 3/4 PEGABLE ROSCABLE TIGRE,UND,0,,0,,,,0
1001T,"BOMBA SUMERGIBLE VXC 20/50 PEDROLLO 220V760 HZ 1 HP CON C.BOX2,5 202104 DRENAJE AGUA NEGRA",UND,0,,0,,,,0
1002T,REDUCCION CONCENTRICA RANURADA 1 1/2X 1 1/4,UND,0,,0,,,,0
1003T,UNION RIGIDA RANURADA 1 1-4,UND,0,,0,,,,0
1004T,"DISCO RINO DIAMANTE CORTE SECO 9"" PARA HORMIGON",UND,0,,0,,,,0
1005T,SIKA GROUT 30 KG,UND,0,,0,,,,0
1206T,UNION INOX 1/2,UND,0,,0,,,,0
1319T,MANOMETRO GLICERINA VERT 1/4 100 PSI WINTERS,UND,0,,0,,,,0
76G,REDUCCION COBRE SOSOS 1/2X3/8,,0,,0,,,,0
1301T,"UNION FLEXIBLE RANURADA 1 1/4""",UND,0,,0,,,,0
1309T,"BUSHING  AI 1 1/2X1""",UND,0,,0,,,,0
74G,UNION COBRE SOSO 3/8,,0,,0,,,,0
1140T,NEPLO HEXAGONAL GALVANIZADO 1/2 UFLM,UND,0,,0,,,,0
1340T,"BOMBA HIDRAULICA SUMERGIBLE 1,5 HP 2""",UND,0,,0,,,,0
1211T,"DISCO DIAMANTE 7""",UND,0,,0,,,,0
1018T,CALEFON RCA 20 LTS,UND,0,,0,,,,0
1148T,TUBO ABASTO INODORO ANGULAR,UND,0,,0,,,,0
1429T,CONECTOR EMT 1-2,UND,0,,0,,,,0
1379T,CODO TF 20X90 AZUL,UND,0,,0,,,,0
1096T,"UNION INOX 3/4""",UND,0,,0,,,,0
1149T,SIFON DESAGUE ROSCADO 1 1/4,UND,0,,0,,,,0
1049T,REGULADOR RECA 30 PSI,UND,0,,0,,,,0
1263T,TANQUE BIODIGESTOR 7000 LTS,UND,0,,0,,,,0
45G,REGULADOR HUMCA ESTABILIZADOR DE 28 MBAR,,0,,0,,,,0
1323T,CODO ADAPATADOR H GAS AMARILLO 20X90,UND,0,,0,,,,0
1336T,REDUCCION PEGABLE 3/4 X 1/2  CAMPANA,UND,0,,0,,,,0
87G,UNION COBRE SOSO 3/4,,0,,0,,,,0
1261T,MANOMETRO GIL VERT 1-4 0-200 PSI WINTERS,UND,0,,0,,,,0
1033T,PLACA 25X25X8MM,UND,0,,0,,,,0
1208T,CONECTOR DOBLE 4/7 X 4/7,UND,0,,0,,,,0
1245T,CODO PVC 90 PRESION 25MM,UND,0,,0,,,,0
1230T,UNION FUSION AMARILLA 20 MM,UND,0,,0,,,,0
1395T,CODO PVC ROSCABLE  HEMBRA 90X20X1-2 AZUL,UND,0,,0,,,,0
1066T,TEE REDUCIDA 50X32X50,UND,0,,0,,,,0
1237T,"BROCA DE WALT FIERRO 9-64""",UND,0,,0,,,,0
1384T,"LANA MINERAL 51 MM X 1,20 METROS",UND,0,,0,,,,0
1162T,TERMINAL ANILLO 1/2 X 3/8 M-CO (T. ABASTO),UND,0,,0,,,,0
1024T,CODO HM 3/4X90,UND,0,,0,,,,0
1220T,BROCA SDS PLUS 30 CM X 1/2 CONCRETO,UND,0,,0,,,,0
1260T,CODO TF 20 X 90 INCERTO METALICO H,UND,0,,0,,,,0
1028T,CONTROLADOR DE VALVULA BACCARA PARA SISTEMA DE RIEGO G75AB,UND,0,,0,,,,0
1315T,CAJA PARA NEVERA 15X11X7,UND,0,,0,,,,0
1424T,TEE PVC PRESION 63 MM PLASTIGAMA,UND,0,,0,,,,0
1288T,FILTRO 3/4,UND,0,,0,,,,0
25G,VALVULA PITON DE 1/2” PARA GAS,,0,,0,,,,0
47G,UNIFIX GASTOP FUERZA MEDIA 36 ML,,0,,0,,,,0
1291T,BROCA ESCALONADA 12 NIVELES 4 MM,UND,0,,0,,,,0
1046T,"NEPLO 1/4 DE BRONCE ",UND,0,,0,,,,0
1240T,"BROCA DE WALT HIERRO 7-64""",UND,0,,0,,,,0
1137T,VALVULA MARIPOSA RANURADA 1 1/2,UND,0,,0,,,,0
1008T,TANQUE HIDRONEUMATICO METAL 60 LITROS HORIZONTAL,UND,0,,0,,,,0
1426T,ADAPATADOR ROSCABLE H AGUA CALIENTE 20X1-2 AZUL,UND,0,,0,,,,0
46G,TEFLON DE GAS DE 1/2 X 15 MM,,0,,0,,,,0
117G,ABRAZADERA AZUL 75 MM 2 1/2,,0,,0,,,,0
1247T,"FLOTADOR HELBERT 1""",UND,0,,0,,,,0
1306T,"PAR CONECTORES MEDIDOR 1""",UND,0,,0,,,,0
1271T,TANQUE HIDRONEUMATICO 100/10 VERTICAL,UND,0,,0,,,,0
38G,CINTA GALVANIZADA 17 MM X 1/4 X 10 MT HILLTI,,0,,0,,,,0
1131T,REGULADOR MONDIAL 10 KG 2DA ETAPA,UND,0,,0,,,,0
1298T,TERMINAL FUSION AZUL 25X3/4 METAL,UND,0,,0,,,,0
1366T,"ADAPTADOR PARA TANQUE 1/ 2""",UND,0,,0,,,,0
1276T,MANOMETRO 150 PSI,UND,0,,0,,,,0
1233T,NEPLO ACERO INOX 1X4,UND,0,,0,,,,0
1382T,"MALLA TELA ALUMINIO 50 X 1,20 ANTIMOSQUITO",UND,0,,0,,,,0
1154T,ORING NEGRO,UND,0,,0,,,,0
1128T,DISCO DESBASTE METAL 4” 1/2,UND,0,,0,,,,0
1402T,TUBO EMT CONECTOR DE 1/2 PARA CAJETIN ELEC,UND,0,,0,,,,0
1500T,ESMALTE DE UÑAS,,0,"2,00 US$","2,4",,,,0
1267T,BOTAS DE CAUCHO PUNTAS DE ACERO,UND,0,,0,,,,0
39G,CONECTOR COFLEX 1-2 X 1-2X 100,,0,,0,,,,0
24G,"UNIVERSAL SOSO 1/2""",,0,,0,,,,0
1410T,KIT DE INSTALACION PANEL SOLAR IBAX CONFORTLINA,UND,0,,0,,,,0
1232T,ADAPTADOR FUSION AMARILLA 20 MM X 1/2 MACHO,UND,0,,0,,,,0
1312T,BROCA 1/4 PARA HIERRO,UND,0,,0,,,,0
1262T,PRESOSTATO BOMBA 80-100 SQUARE-D,UND,0,,0,,,,0
23G,TUBERIA COBRE M 1/2 X 6 M NACOBRE,,0,,0,,,,0
1244T,CODO PVC 45 PRESION 25MM,UND,0,,0,,,,0
86G,TEE COBRE SOSO 3/4,,0,,0,,,,0
1346T,"TANQUE 2500  AZUL ",UND,0,,0,,,,0
1412T,POZO TERMOMETRICO PARA SENSOR DE TEMPERATURA PARA PISCINA,UND,0,,0,,,,0
1311T,BUSHING INOX 1 1/4 X 1/2,UND,0,,0,,,,0
1374T,"TUBO TIPO DREN, DRENAJE 110 MM",UND,0,,0,,,,0
1352T,GUANTE PARA SOLDAR,UND,0,,0,,,,0
12G,PGI PL PERMATEX GOMA INDIA,,0,,0,,,,0
97G,UNIVERSAL COBRE SOSO 3/4 NIBCO,,0,,0,,,,0
1011T,TUBO PVC EC 75X6 M,UND,0,,0,,,,0
1124T,ARENA SACO,UND,0,,0,,,,0
1010T,CODO TF ADAPTADOR 25X3/4,UND,0,,0,,,,0
"1183T ",CALENTADOR DE AGUA 30 GALONES,UND,0,,0,,,,0
1338T,VALVULA MARIPOSA RANURADA 2 1/2 FLOWCOM,UND,0,,0,,,,0
1350T,CRUZ PVC 1/2 LASCO,UND,0,,0,,,,0
1314T,LIJA DE AGUA #80,UND,0,,0,,,,0
"1065T ",TEE REDUCIDA 32X20X32,UND,0,,0,,,,0
20G,"TEE SOSO 1/2""",,0,,0,,,,0
28G,REGULADOR DE GAS DOMESTICO CON MANOMETRO,,0,,0,,,,0
72G,PERNO DE ANCLAJE 5-16,,0,,0,,,,0
102G,REGULADOR HUMCAR 19-35 MBAR,,0,,0,,,,0
19G,SOLDADURA PLATA 5%,,0,,0,,,,0
1256T,"TUBO PVC ROSCABLE 1/2 SCH 80 C 6 M ",UND,0,,0,,,,0
1184T,TEE TF REDUCIDA 75X50 MM,UND,0,,0,,,,0
1061T,TEE REDUCIDA DE 50 X 40 M TORO,UND,0,,0,,,,0
14G,1/4 PLG PL ARANDELAPLANA GALVANIZADA,,0,,0,,,,0
123G,MEDIDOR DE GAS INDUSTRIAL,,0,,0,,,,0
9G,"CODO SOHI 1/2"" BRONCE",,0,,0,,,,0
1365T,"CODO AC 6""",UND,0,,0,,,,0
119G,"UNION GAS AMARILLA 20 MM ",,0,,0,,,,0
29G,REGULADOR DE GAS INDUSTRIAL CON MANOMETRO,,0,,0,,,,0
1286T,"VALVULA REDUCTORA 2"" GENEBRE AGUA",UND,0,,0,,,,0
1246T,UNION PVC PRESION 32X25 MM TGR,UND,0,,0,,,,0
"1355T ",ESPUMA EXPANSIVA 750 ML,UND,0,,0,,,,0
1023T,ANGULO 1X1X3MM,UND,0,,0,,,,0
1182T,BUSHING INOX 3/4 A 1/2,UND,0,,0,,,,0
1313T,"BROCA 7/16"" PARA HIERRO",UND,0,,0,,,,0
1425T,ADAPATADOR ROSCABLE H AGUA CALIENTE 25X1-2 AZUL,UND,0,,0,,,,0
61G,GUANTE DE CUERO GRIS SOLDAR,,0,,0,,,,0
1160T,REDUCCION TF 50-40 TORO,UND,0,,0,,,,0
1318T,TE MECANICA ROSCADA 4 X 1 1/2,UND,0,,0,,,,0
13G,"3/8"" 2A PL PERNO DE ANCLAJE",,0,,0,,,,0
1430T,"VALVULA MARIPOSA 3""",UND,0,,0,,,,0
100G,TEE CON INCERTO AMARILLA 1/2,,0,,0,,,,0
1343T,"TEE MECANICA 1 1/2 X 3/4""",UND,0,,0,,,,0
1221T,CAJA PARA LLAVE 23X15X8,UND,0,,0,,,,0
1310T,"REDUCCION CONICA HG 3/4 X 1/2""",UND,0,,0,,,,0
1153T,MANGUERA H 100 5/16 X  M,UND,0,,0,,,,0
1322T,VALVULA ALIVIO PRESION REGO 3/4,UND,0,,0,,,,0
1165T,NEPLO INOX 1 1/2 X 5,UND,0,,0,,,,0
81G,ABRAZADERA AZUL 20,,0,,0,,,,0
1161T,TERMOCUPLA TORNILLO  K -500C,UND,0,,0,,,,0
1006T,"ADHESIVOS BOMBONA DE GAS ",UND,0,,0,,,,0
68G,REGULADOR DE 2DA 4 KG 1/2 X 3/8 MONDIAL,,0,,0,,,,0
1239T,"BROCA DE WALT HIERRO 1-8""",UND,0,,0,,,,0
1389T,CURVA TF 25 MM AZUL,UND,0,,0,,,,0
1207T,ADAPTADOR DENTADO FLEX 16 X 3/4,UND,0,,0,,,,0
1415T,BOMBA VSE 1 13-15-1,UND,0,,0,,,,0
1044T,"TAPON HN INOX 1/2 ",UND,0,,0,,,,0
1385T,CODO TF 45X25 MM AZUL,UND,0,,0,,,,0
1178T,RIEL METAL 20X11 PC 2 METROS APOLO,UND,0,,0,,,,0
1299T,UNION UZ REPAR 63 MM CORTA PLASTIGAMA,UND,0,,0,,,,0
1259T,YEE PVC DESAGUE 160 MM A 75 MM ENSAMBLADO,UND,0,,0,,,,0
1194T,MANOMETRO 240 PSI,UND,0,,0,,,,0
127G,TEE GAS AMARILLO BO,,0,,0,,,,0
1127T,"VALVULA MARIPOSA RANURADA 4""",UND,0,,0,,,,0
1264T,"TANQUE 5000 L CON NEPLO 2"" TERMOFUNDIDO",UND,0,,0,,,,0
1048T,TEE INOX DE 1/4,UND,0,,0,,,,0
1196T,BUSHING INOX 3/4 X 1/4,UND,0,,0,,,,0
1167T,"VALVULA SECCIONADORA RANURADA 4""",UND,0,,0,,,,0
1290T,"UNIVERSAL PVC ROSCABLE 3/4""",UND,0,,0,,,,0
112G,SOLDADURA DE PLATA AL 2%,,0,,0,,,,0
51G,"TUBERIA COBRE 1/2"" TIPO L  GAS",,0,,0,,,,0
1020T,"TEE PITON BRONCE 3/8""",UND,0,,0,,,,0
64G,"NEPLO BR 1/2""D X 1/2"" IZQ HEMBRA",,0,,0,,,,0
77G,"ELEVADOR 3/4""",,0,,0,,,,0
1186T,BUJE PVC RED SOLID 1X3/4,UND,0,,0,,,,0
1406T,"BOMBA PARA SPA EMAUX SR DIAMETRO DE DESCARGA 2"" POTENCIA DE MOTOR 3HP",UND,0,,0,,,,0
1399T,REDUCTOR AGUA CALIENTE 25X20MM AZUL,UND,0,,0,,,,0
1195T,TEE INOX 3/4,UND,0,,0,,,,0
1342T,CODO TF ADAPTADOR M  25X3-4,UND,0,,0,,,,0
105G,ADAPTADOR PARA CILINDRO DE GAS 3/4,,0,,0,,,,0
1051T,PRESOSTATO AGUA PENTAX 5 BAAR PP5,UND,0,,0,,,,0
126G,"CODO P-P 1/2""",,0,,0,,,,0
30G,MANGUERA GAS AMARILLA POR METRO,,0,,0,,,,0
125G,"ADAPATADOR H AMARILLO 20X1/2""",,0,,0,,,,0
34G,"VALVULA BOLA 1/2"" ANTIFRAUDE HUMCAR",,0,,0,,,,0
98G,VALVULA BOLA GAS 3/4 LARGA,,0,,0,,,,0
"1376T ","CODO HN 45X3-4""",UND,0,,0,,,,0
5G," SET 100 PCS AMARRA PLASTICA NEGRA",,0,,0,,,,0
1092T,BROCA CONCRETO CHINA N0. 12,UND,0,,0,,,,0
66G,"TANQUE ESTACIONARIO: VALVULA DE ALIVIO DE 1 1/4 SEÑAL ETICA ROMBO, NO FUNMAR, INFLAMABLE",,0,,0,,,,0
1015T,"ADAPTADOR PVC M 72X2""",UND,0,,0,,,,0
1074T,UNION TF 40 MM TORO,UND,0,,0,,,,0
36G,"CODO AI ROSC 90X1/2""",,0,,0,,,,0
1070T,VALVULA DESMONTABLE 40 MM,UND,0,,0,,,,0
1414T,BOMBA A-PRES KE 3 150,UND,0,,0,,,,0
1328T,"NEPLO AI 3/4 X 5""",UND,0,,0,,,,0
1100T,"TUBO AC CED10 RANURADO ROJO 2"" X 6M",UND,0,,0,,,,0
95G,VALVULA DE GAS DOMESTICA PLATEADA,,0,,0,,,,0
59G,REGULADOR DE 2DA 10KG 1/2 X/2 RECA 738,,0,,0,,,,0
10G,"CODO SO SO 1/2"" X 45 º",,0,,0,,,,0
"1199T ",SILICON GRIS 3 ONZAS,UND,0,,0,,,,0
1031T,FIBRA NEOLITE NEGRO 1X1X5 MM,UND,0,,0,,,,0
1116T,"VALVULA REDUCTORA DE PRESION 1""",UND,0,,0,,,,0
52G,TACOS EXPANSIVOS 3/8 ECO,,0,,0,,,,0
1361T,BOMBA A PRES K3 150,UND,0,,0,,,,0
1238T,"BROCA DE WALT FIERRO 5-32""",UND,0,,0,,,,0
1266T,"UNION HN 2""",UND,0,,0,,,,0
44G,NEPLO  BRG 1/2DX1/2 IZ,,0,,0,,,,0
55G,UNIFIX GASTOP FUERZA ALTA 10 G,,0,,0,,,,0
1296T,SIKA BOOM 500 ML,UND,0,,0,,,,0
"1419T ",UNION TF 25 MM AZUL,UND,0,,0,,,,0
1094T,"TUBO AC CED 10 RANURADO ROJO ULFM 2"" X 6 M",UND,0,,0,,,,0
78G,"TUBERIA PE 3/4""",,0,,0,,,,0
1347T,REGULADOR 1ERA 14 KG,UND,0,,0,,,,0
1113T,"TEE RANURADA DE 4""",UND,0,,0,,,,0
1056T,REDUCCION TF MH 50 A 32,UND,0,,0,,,,0
1088T,"CODO PVC 45 CED 40 1""",UND,0,,0,,,,0
109G,TUBERIA COBRE L 3/8 X 3 METROS,,0,,0,,,,0
69G,VALVULA ATAQUE RAPIDO VERTICAL SRG,,0,,0,,,,0
91G,REDUCCION SOSO 3/4 A 1/2  NIBCO,,0,,0,,,,0
1060T,TUBO TF 40MM X 4 M TORO,UND,0,,0,,,,0
1278T,VALVULA TF MARIPOSA 32 MM,UND,0,,0,,,,0
1324T,REGULADOR RECA 1ERA 12KL REGULABLE,UND,0,,0,,,,0
1289T,TE PVC PRESION 25 MM PLASTIGAMA,UND,0,,0,,,,0
1069T,"CODO 90 ROSCA HEMBRA 32X 1""",UND,0,,0,,,,0
1101T,"ADAPTADOR PVC H C40 PEGA/ROSCA 1 1/2"" TGR",UND,0,,0,,,,0
1080T,TEE ROSCABLE HEMBRA 25X3/4 RF TORO,UND,0,,0,,,,0
1325T,CODO HN SOLDABLE 1 1/2X45,UND,0,,0,,,,0
1394T,CODO PVC ROSCABLE MACHO 90X20X1-2 AZUL,UND,0,,0,,,,0
1334T,VALVULA PARA LAVADORA 1/2 X3/4 ANGULAR,UND,0,,0,,,,0
1209T,MICROASPERSOR 180S NAAN GARM 70 LH HID,UND,0,,0,,,,0
103G,ACOPLE MANGUERA LLENADO REGO VB 3175A,,0,,0,,,,0
75G,SUELDA FRIO JUST FOR COOPER JACO,,0,,0,,,,0
1254T,REDUCCION HN RANURADA 3X1 1/2,UND,0,,0,,,,0
1G,CARGA DE GAS PARA CLAVADORA PENDEL,,0,,0,,,,0
1212T,BOMBA ALTA PRESION DIESEL 13HP 2X2,UND,0,,0,,,,0
1155T,RED ORING,UND,0,,0,,,,0
37G,CONECTOR COFLEX MANGUERA NEGRA DE 1/2,,0,,0,,,,0
1279T,BOMBA LAPIZ 110 W EVANS,UND,0,,0,,,,0
1391T,ADAPATADOR TF H 1-2 AZUL,UND,0,,0,,,,0
1017T,BROCA SD PLUS 6MM X 100 MM,UND,0,,0,,,,0
99G,ADAPTADOR M 1/2 AMARILLO,,0,,0,,,,0
40G,ATAQUE RAPIDO SRG CVERTICAL,,0,,0,,,,0
1370T,"CODO HG 2X90""",UND,0,,0,,,,0
1138T,LUBRICANTE ANTIOXIDANTE 450 ML,UND,0,,0,,,,0
1243T,PEGA PVC 1106 473 ML NARANJA,UND,0,,0,,,,0
2G," ABRAZADERA SUPER MINI 7/16""",,0,,0,,,,0
1170T,MANOMETRO PAOLO 200 PSI,UND,0,,0,,,,0
1073T,CODO TF 40 X90 TORO,UND,0,,0,,,,0
1354T,CODO SOLDABLE 1 1/4X45,UND,0,,0,,,,0
1378T,TORNILLO PUNTA BROCA 10X3/4,UND,0,,0,,,,0
7G," BROCA PARA CONCRETO 1/4"" BRC",,0,,0,,,,0
1217T,CEMENTO ASFALTICO 4K,UND,0,,0,,,,0
1223T,LLAVE ANGULAR BRIGS 1/2 X 1/2 MM,UND,0,,0,,,,0
110G,"TERMINAL BRONCE SOHE 1-4""",,0,,0,,,,0
1110T,CODO TF 25 X 90 INCERTO METALICO H,UND,0,,0,,,,0
6G," SET 100 PCS AMARRA PLASTICA 12"" X 3",,0,,0,,,,0
122G,PAR DE CONECTORES MEDIDOR INDUSTRIAL,,0,,0,,,,0
1218T,CODO INOX 1/2 CACHIMBA,UND,0,,0,,,,0
1104T,PEGA WEL ON 713 237 ML,UND,0,,0,,,,0
1072T,REDUCCION MH 32 A 20 MM,UND,0,,0,,,,0
67G,VALVULA ATAQUE RAPIDO HORIZONTAL RECA,,0,,0,,,,0
3G,"ADAPTADOR SO HI 1/2""",,0,,0,,,,0
1265T,PERNO EXPANSIVO 1/4 X 2,UND,0,,0,,,,0
1123T,CEMENTO GUAPAN SACO,UND,0,,0,,,,0
1086T,TANQUE TIPO BOTELLA 2500 LITROS RIVAL,UND,0,,0,,,,0
114G,BUSHING DE COBRE 1/2,,0,,0,,,,0
1064T,TEE REDUCIDA 50X20X50,UND,0,,0,,,,0
1111T,"VALVULA CHEKC 3""",UND,0,,0,,,,0
1050T,TEE MECANICA RANURADA RECOMB 3 X 1 1/2,UND,0,,0,,,,0
18G,SOLDADURA PLATA 0%,,0,,0,,,,0
1203T,UNION TF UNIVERSAL 20 MM,UND,0,,0,,,,0
48G,UNIFIX GASTOP FUERZA ALTA 36 ML,,0,,0,,,,0
1327T,"CODO HN RANURADO 45 X 4""",UND,0,,0,,,,0
1205T,NEPLO HN 1 1/4 X 20 CM,UND,0,,0,,,,0
1144T,"SIFON ACORDEON 2P FV E245,02WLBL",UND,0,,0,,,,0
1025T,TEE HN 3-4,UND,0,,0,,,,0
1326T,"TUBO AC CED10 4""",UND,0,,0,,,,0
1418T,TUBO TF 32 MM X 6M AZUL,UND,0,,0,,,,0
1284T,FLOTADOR TANQUE 3/4 COBRE,UND,0,,0,,,,0
1145T,GRIFERIA MZ LAVABO 4 FV NEW PORT E 190/B2 CR,UND,0,,0,,,,0
1180T,PERNO EXPANSIVO 1/4 X 2,UND,0,,0,,,,0
1087T,YEE PVC DESAGUE 160 MM INYECTADO,UND,0,,0,,,,0
1132T,NEPLO HN 1/2 CON CINTURA ULFM,UND,0,,0,,,,0
54G,"ABRAZADERA AZUL 40 1-1/4""",,0,,0,,,,0
57G,ABRAZADERA AZUL 32,,0,,0,,,,0
50G,SIERRA SANFLEX DE 12*24,,0,,0,,,,0
1035T,BROCA CONCRETO 3/8X10 CM,UND,0,,0,,,,0
89G,TAPON COBRE DE 1/2,,0,,0,,,,0
35G,PITON GAS DE 1/2,,0,,0,,,,0
"1105T ","ADAPTADOR PARA TANQUE 2""",UND,0,,0,,,,0
1363T,"BUSHING INOX DE 3 A 2 ",UND,0,,0,,,,0
1089T,PERNO DE ANCLAJE 3/8 X 2 1/2,UND,0,,0,,,,0
"1229T ",ESPUMA DE CONSTRUCCION 500 ML,UND,0,,0,,,,0
26G,VALVULA MARIPOSA,,0,,0,,,,0
8G,CLAVO DE ACERO DE 22 MM PENDEL COLOR VERDE PARA PISTOLA,,0,,0,,,,0
11G,"CODO SO SO 1/2"" X 90 º",,0,,0,,,,0
1282T,NEPLO AI 1 1/4X 8,UND,0,,0,,,,0
94G,ABRAZADERA AZUL 25 DE 3/4,,0,,0,,,,0
1234T,TUBO PVC 160 MM X 6 M,UND,0,,0,,,,0
1079T,TUBO TF 32 MM X 4 M TORO,UND,0,,0,,,,0
1030T,CALEFON RCA 26 LITROS,UND,0,,0,,,,0
"1039T ",NEPLO HN CED 40 2 X 30 CM,UND,0,,0,,,,0
1135T,BROCA PARA ROTOMARTILLO 1/2X10,UND,0,,0,,,,0
1285T,BOMBA PEROFERICA PKM80 1 HP 220V 1X1 PEDROLO,UND,0,,0,,,,0
"1357T ","ELECTROVALVULA 2-2 "" 2W AIRE/AGUA",UND,0,,0,,,,0
1136T,ROCIADOR AUTOMATICO PARED PLATEADO 1/2,UND,0,,0,,,,0
1115T,REDUCCION CONICA 1 1/2 X 1/2,UND,0,,0,,,,0
1120T,TERMOFUND,UND,0,,0,,,,0
1371T,REGULADOR 1ERA ETAPA 55 KG ROJO,UND,0,,0,,,,0
1201T,VALVULA TF BOLA 63 MM,UND,0,,0,,,,0
1295T,TANQUE TIPO BOTELLA 1100 LT AZUL,UND,0,,0,,,,0
1146T,LLAVE CROMADA FV 1/2,UND,0,,0,,,,0
1099T,CRUZ HN RANURADA RECOMB 2 1/2,UND,0,,0,,,,0
1043T,TAPON INOX 1/2 H,UND,0,,0,,,,0
113G,REGULADOR 2DA 17 KG 1/2X1/2 RECA 988LP-03 VERDE,,0,,0,,,,0
1416T,TUBO TF 25 MM X 6M AZUL,UND,0,,0,,,,0
84G,REGULADOR 1RA 1/4 X 1/4 REGO,,0,,0,,,,0
90G,CODO SOSO 3/4 X 90 NIBCO,,0,,0,,,,0
106G,ADAPTADOR HEMBRA 3/4,,0,,0,,,,0
32G,MEDIDOR DE GAS 2.5 M3 DERECHO E IZQUIERDO,,0,,0,,,,0
1225T,BUJE PVC LARGO PRESION 50X25MM,UND,0,,0,,,,0
1185T,ANGULO HN 1 1/2 X 1/8,UND,0,,0,,,,0
1307T,"COLGADOR PERA 4""",UND,0,,0,,,,0
1292T,CALEFON ELECTRICO RADIANCE 11KV 220 V,UND,0,,0,,,,0
80G,EMPAQUE GAS PLANO,,0,,0,,,,0
16G,"TRA 1/2 TEFLON TIPO ALEMAN ROLLO 1/2""",,0,,0,,,,0
41G,REGULADOR RECA 904 40 KG ETAPA 15,,0,,0,,,,0
22G,5GG TUERCA ACERO GALVANIZADA MILIMETRICA,,0,,0,,,,0
1164T,VALVULA ADMISION BRIGS PILOTEADA,UND,0,,0,,,,0
71G,TIRAFONDOS DE 1/4 X 2 1/2,,0,,0,,,,0
1386T,CODO TF 90X25 MM AZUL,UND,0,,0,,,,0
1409T,PANEL SOLAR PARA PISCINA IBAX CONFORTLINE,UND,0,,0,,,,0
1364T,"TUBO AC 6""",UND,0,,0,,,,0
1257T,"ADAPTADOR PVC P/TANQUE ROSC 1/2""",UND,0,,0,,,,0
1417T,TUBO TF 20 MM X 6M AZUL,UND,0,,0,,,,0
1188T,TUBO PVC CED 40 PEGABLE 3/4,UND,0,,0,,,,0
124G,CODO GAS AMARILLO 20X90 H METAL,,0,,0,,,,0
1397T,CONTACTOR IBAMP 220V,UND,0,,0,,,,0
1367T,BOMBA JET 1HP 120V TRUPER,UND,0,,0,,,,0
1077T,DADO MAGNETICO  5-16,UND,0,,0,,,,0
"1372T ","ADAPTADOR TF M 63X2""",UND,0,,0,,,,0
1141T,CODO INOX 1 X 90,UND,0,,0,,,,0
1321T,PERNO EXPANSIVO PARA VARILLA 1/2X3,UND,0,,0,,,,0
33G,PAR DE CONECTORES MEDIDOR G1.6,,0,,0,,,,0
1093T,"TEE MECANICA STRAPT RPSC 2""X1/2""",UND,0,,0,,,,0
118G,TUBERIA DE GAS AMARILLA 20X4 MM,,0,,0,,,,0
1320T,TACO PARA VARILLA DE 1/2,UND,0,,0,,,,0
1356T,TEE MECANICA ROSCADA DE 1 1/2 X 1,UND,0,,0,,,,0
1142T,TUBO DRENAJE RIVAL 110MM,UND,0,,0,,,,0
1280T,TANQUE HID TD 500/10 HIDRO TANK 500L,UND,0,,0,,,,0
73G,ADAPATADOR 1/2 SOHE MACHO COBRE,,0,,0,,,,0
1053T,IMPERCOAT 5A GRIS,UND,0,,0,,,,0
1112T,"VALVULA CHEKC 4""",UND,0,,0,,,,0
128G,VALVULA GAS MARILLA TF 20 BO,,0,,0,,,,0
1130T,"NEPLO AC CED 40 1/2 X 5""",UND,0,,0,,,,0
1091T,"PLATINA 2"" X 1/8""",UND,0,,0,,,,0
1159T,TAPON 3/4 MACHO AZUL,UND,0,,0,,,,0
79G,ATAQUE RAPIDO SRG HORIZONTAL,,0,,0,,,,0
1269T,NEPLO AC 2 X 4 SIN COSTURA,UND,0,,0,,,,0
1297T,TUBO FUSION AZUL 25X6 M ENTERO POLIMEX,UND,0,,0,,,,0
1404T,TEE AGUA CALIENTE 25 MM AZUL,UND,0,,0,,,,0
1222T,BAILEJO,UND,0,,0,,,,0
1075T,RECULADOR PRIMERA 12 KL 932 + MANOMETRO ROJO,UND,0,,0,,,,0
1012T,TUBO PVC EC 50X6 M,UND,0,,0,,,,0
1330T,"TUBO CUADRADO HN 1-2X2""",UND,0,,0,,,,0
1166T,MANGUERA REFORZADA 1/2 METRO ALFLEX,UND,0,,0,,,,0
1098T,BROCA ESCALONADA 15 NIVELES 4 MM,UND,0,,0,,,,0
1216T,REGULADOR MONDIAL 2 KG,UND,0,,0,,,,0
1387T,CODO TF 45X20 MM AZUL,UND,0,,0,,,,0
1339T,CRUZ RANURADA DE 1 1/2,UND,0,,0,,,,0
65G,CALENTADOR AGUA GAS 40 GL RHEEM,,0,,0,,,,0
1331T,"REDUCCION HN RANURDA 4X3""",UND,0,,0,,,,0
1219T,BROCA PORCELANATO 6 MM,UND,0,,0,,,,0
63G,CONECTOR COFLEX ALTA PRESION GAS 1/2X1/2X150,,0,,0,,,,0
1215T,TEE MECANICA 2 1/2 X 1/2,UND,0,,0,,,,0
"1427T ",TUBO TF 32 MM AZUL,UND,0,,0,,,,0
1420T,UNION TF 32 MM AZUL,UND,0,,0,,,,0
1147T,TAPON HG H 1/2,UND,0,,0,,,,0
1381T,UNION TF 20 MM AZUL,UND,0,,0,,,,0
1062T,TEE REDUCIDA 40X32X40,UND,0,,0,,,,0
107G,TAPON H 3/4 COBRE,,0,,0,,,,0
1300T,"TE RANURADA 1 1/4""",UND,0,,0,,,,0
1360T,COLGADOR PERA  1 1/4,UND,0,,0,,,,0
1392T,BOMBA IBAX BOXTER 1 HP MONOFASICA SISTEMA DE PRESION CONSTANTE,UND,0,,0,,,,0
27G,SUPER BONDER,,0,,0,,,,0
1362T,"TEE HG 1""",UND,0,,0,,,,0
1235T,TAPON PVC DESAGUE HEMBRA 160 MM INYECTADO,UND,0,,0,,,,0
85G,TUBERIA COBRE M 3/4 X 6M LUSA,,0,,0,,,,0
1403T,CAJA DE AGUA PARA 12 MEDIDORES,UND,0,,0,,,,0
1168T,SWITCH PRESION 20-40,UND,0,,0,,,,0
1037T,NEPLO CON CINTURA INOX 3/4,UND,0,,0,,,,0
1252T,"CALENTADOR DE AGUA 50 GL GAS ",UND,0,,0,,,,0
1304T,TORNILLO TIPO MARIPOSOA 1/4,UND,0,,0,,,,0
1103T,VALVULA ESERA GRIS AZUL 1 1/2,UND,0,,0,,,,0
1179T,VALVULA PARA LAVADORA 1/2 X3/4 ANGULAR,UND,0,,0,,,,0
62G,EXTINTOR BALON 15CM DIAMETRO,,0,,0,,,,0
1068T,"TEE ROSCA HEMBRA 32 X 1"" X32",UND,0,,0,,,,0
1224T,DESAGUE  PUSH 1 1/4,UND,0,,0,,,,0
1373T,SIFON PVC 160 MM,UND,0,,0,,,,0
1281T,TE AI 1 1/4,UND,0,,0,,,,0
1375T,BOMBA PISCINA 1 HP 220 V,UND,0,,0,,,,0
1157T,TERMOMETRO ANALG 1/2 (0-120c) POSTERIOR GENEBRE,UND,0,,0,,,,0
"1333T ",CEMENTO ASFALTICO 1 LT,UND,0,,0,,,,0
1152T,"LLAVE DE CHORRO CROMADA 1/2 ",UND,0,,0,,,,0
1134T,ABRAZADERA MEDIA LUNA DE 1/2,UND,0,,0,,,,0
1332T,"VALVULA CHECK RANURADA 3 """,UND,0,,0,,,,0
1253T,BUJE TF REDUCTOR 50 A 25 MM,UND,0,,0,,,,0
1413T,CONTROL DIFERENCIAL DE TEMPERATURA  DISPLAY LCD PARA PISCINA,UND,0,,0,,,,0
82G,UNION 16  MM PEALPE,,0,,0,,,,0
1204T,REDUCCION TF H-H 20X25 MM,UND,0,,0,,,,0
1118T,"NEPLO INOX 1""",UND,0,,0,,,,0
1189T,NEPLO HN 3/4,UND,0,,0,,,,0
1163T,BUSHING HG ULFM 1/2X1/4,UND,0,,0,,,,0
1231T,CODO FUSION AMARILLA 20 MM X 90,UND,0,,0,,,,0
1202T,TEE TF 75 MM,UND,0,,0,,,,0
1085T,PERNO DE ANCLAJE 1-4,UND,0,,0,,,,0
17G,TL 10*1 TONILLO TRIPATO/PATO C/LENTEJA,,0,,0,,,,0
1227T,TAPON PVC MACHO 110 MM,UND,0,,0,,,,0
1242T,TANQUE TIPO BOTELLA 2000 LTS,UND,0,,0,,,,0
31G,ABRAZADERA METALICA TITAN 1000,,0,,0,,,,0
1052T,PRESOSTATO AGUA PENTAX 12 BAAR PP12,UND,0,,0,,,,0
1294T,IMPERCOAT CHOVA GRIS 10M,UND,0,,0,,,,0
1007T,TUBO TF 20 X 4 M TORO,UND,0,,0,,,,0
1016T,"PLATINA 1"" X 1 1/8",UND,0,,0,,,,0
1248T,REGULADOR PRIMERA 6KL 1/4X1/4,UND,0,,0,,,,0
1270T,ROSCA PARA TUBO 2 1/2,UND,0,,0,,,,0
1393T,CODO PVC ROSCABLE  MACHO 90X20X1-2 AZUL,UND,0,,0,,,,0
1236T,TUBO TF AMARILLO PARA GAS,UND,0,,0,,,,0
1308T,VALVULA ESFERA PALANCA 1 1/2,UND,0,,0,,,,0
101G,CODO 1/2 X 90 AMARILLO,,0,,0,,,,0
1054T,REDUCCION CONCENTRICA RANURADA ULFM 3X 1 1/2,UND,0,,0,,,,0
1348T,ELECTRODOS 7018,UND,0,,0,,,,0
104G,"CONECTOR COFLEX GAS PIG TAIL 100 CMS ",,0,,0,,,,0
15G,"FF6 TACO FISHER NRO 6 (1/4"")",,0,,0,,,,0
120G,CODO SOHI 3/4X90,,0,,0,,,,0
1369T,MANOMETRO CON GLICERINA 240 PSI CON GLICERINA,UND,0,,0,,,,0
53G,PLASTICO STRECH DE 30X18U,,0,,0,,,,0
83G,TUBO GAS PEALPE,,0,,0,,,,0
1302T,"TUBO CED 40 1 1/4""",UND,0,,0,,,,0
42G,"NEPLO  BR 1/2 X 3/8"" 8 H (RHM-1238) ",,0,,0,,,,0
93G,REGUALDOR RECA 988 ALTA PRESION VERDE,,0,,0,,,,0
1255T,FLOTADOR BR 1/2 BOYA COB,UND,0,,0,,,,0
1250T,"TEE MECANICA RANURADA 3X2""",UND,0,,0,,,,0
1390T,ADAPATADOR TF M 20X 1-2 AZUL,UND,0,,0,,,,0
58G,"AMARRA PLASTICA DE 12""X3",,0,,0,,,,0
56G,PLASTICO STRECH TRANS 15.5CM X 1KL,,0,,0,,,,0
121G,UNION PE 3/4,,0,,0,,,,0
1268T,NEPLO AC 2 1/2 X 5,UND,0,,0,,,,0
1169T,TANQUE BIODIGESTOR 600 L ROTOPLAST,UND,0,,0,,,,0
1095T,"BROCA PARA ROTOMARTILLO ",UND,0,,0,,,,0
"70G ",TACOS REFZ 1/4 X 2 1/2,,0,,0,,,,0
1193T,PERNO EXPANSIVO 3/8X 3 FICHER,UND,0,,0,,,,0
43G,"NEPLO  BRG 3/4X1/2"" (NR-3215)",,0,,0,,,,0
1316T,"NEPLO AC 1X8""",UND,0,,0,,,,0
1408T,CAJA CONTROL  N-CONTRA C SWJ-CB PARA PISCINA,UND,0,,0,,,,0
1036T,TERMOTANQUE DE 50 LITOS,UND,0,,0,,,,0
1029T,"CAJA VALVULA REDONDA 6""",UND,0,,0,,,,0
1125T,"VALVULA PI BR 1"" ITALY",UND,0,,0,,,,0
1358T,GABINETE H/N 60X60X22 EMPOTRABLE,UND,0,,0,,,,0
1126T,TACOS EXPANSIVOS 1 1/4,UND,0,,0,,,,0
1210T,MANGUERA DE CARGA 1X1 M-M,UND,0,,0,,,,0
1059T,TUBO TF 50X 4 M TORO,UND,0,,0,,,,0
1084T,MANGUERA CORRUGADA TIGRE FLEX,UND,0,,0,,,,0
88G,CODO SOSO 45X3/4,,0,,0,,,,0
1241T,BOMBA SUMERGIBLE INOX 1HP TRUPER 110V,UND,0,,0,,,,0
1192T,NEPLO INOX 1/2 X 8 (20 CM),UND,0,,0,,,,0
1013T,CODO 90 PRESION X 75MM,UND,0,,0,,,,0
115G,"ABRAZADERA AZUL 63 DE 2""",,0,,0,,,,0
1293T,CODO ADAPTADOR 90 ROSC M 25X1/2,UND,0,,0,,,,0
1009T,TANQUE HIDRONEUMATICO METAL 60 LITROS  VERTICAL,UND,0,,0,,,,0
1191T,VALVULA ESFERA GAS 3/4 PALANCA H-H ITAP 266,UND,0,,0,,,,0
1156T,RODILLO DE ESPONJA,UND,0,,0,,,,0
1019T,EMPAQUE CAUCHO #19 TUBO ABASTO,UND,0,,0,,,,0
1108T,MALLA MOSQUITERA AZUAL ALTO,UND,0,,0,,,,0
1063T,TEE REDUCIDA 32X25X32,UND,0,,0,,,,0
129G,"VALVULA ESFERA GAS NIBCO AMARILLO 1""",,0,,0,,,,0
1190T,CODO INOX 3/4 POR CACHIMBA,UND,0,,0,,,,0
1058T,TEE TF REDUCIDA 40 X 32 X 40,UND,0,,0,,,,0
1272T,PUNTA TALADRO ESTRELLA,UND,0,,0,,,,0
1026T,REDUCTOR PVC BUJE DESAGUE 160X100 MM RIVAL,UND,0,,0,,,,0
1114T,"CODO HN RANURADO 90X4""",UND,0,,0,,,,0
1287T,"COLGADOR PERA 6""",UND,0,,0,,,,0
49G,"UNION CU SOSO 1/2""",,0,,0,,,,0
1129T,"DISCO CORTE DEWALT 7""",UND,0,,0,,,,0
1042T,"TANQUE ROTOPLAST 1100 L NEGRO BOTELLA ",UND,0,,0,,,,0
1275T,ADAPTADOR ROCA H 63X2,UND,0,,0,,,,0
1139T,TUBO DE ABASTO 1/2 X 1/8 X 40 CM MH,UND,0,,0,,,,0
1081T,TEE PVC DESAGUE 50 MM TIGRE,UND,0,,0,,,,0
1171T,LIJA POR METRO N0. 120,UND,0,,0,,,,0
1400T,CODO ROSCABLE AGUA CALIENTE 90X20 AZUL,UND,0,,0,,,,0
116G,ABRAZADERA AZUL 50 MM,,0,,0,,,,0
1353T,"VALVULA CHEK 3"" HORIZONTAL",UND,0,,0,,,,0
1181T,VALVULA CHEK VERTIC HORIZON EUROPEA BRONCE 1 1/2,UND,0,,0,,,,0
1351T,NUDO PVC 1 1/4 POSCABLE,UND,0,,0,,,,0
1047T,MANOMETRO 90 PSI SECO 2 1-2,UND,0,,0,,,,0
1401T,TUBO EMT 1-2 EVLITE ELEC,UND,0,,0,,,,0
1117T,"TEE INOX DE 1""",UND,0,,0,,,,0
1249T,CODO HG 1/2 CACHIMBA,UND,0,,0,,,,0
1213T,TAPON MACHO 1/2 ROSCADO,UND,0,,0,,,,0
1122T,BUSHING HG 4X3 CIFUSA,UND,0,,0,,,,0
4G,"ADAPTADOR SO HE 1/2"" DE COBRE",,0,,0,,,,0
1274T,TEE REDUCIDA 63X32X63 PN25,UND,0,,0,,,,0
111G,REDUCCION COBRE 1/2 X 1/4,,0,,0,,,,0
1083T,"PLATINA 1"" X 3/16 X 6 METROS",UND,0,,0,,,,0
1344T,"TUBERIA AZUL PEAD 25 MM X 1,60 ",UND,0,,0,,,,0
1226T,TAPON PVC MACHO 50 MM,UND,0,,0,,,,0
96G,ADAPTADOR MACHO 3/4 NIBCO,,0,,0,,,,0
1151T,MANGUERA FLEXIBLE MONOCOMANDO FV,UND,0,,0,,,,0
1317T,TE MECANICA RANURADA 4 X 2 1/2,UND,0,,0,,,,0
92G,REGUALDOR HUMCAR 35K AJUST C7M 610717,,0,,0,,,,0
1329T,LIJA NEGRA #60,UND,0,,0,,,,0
1027T,"TAPA PVC HEMBRA ROSCABLE 1/2""",UND,0,,0,,,,0
1106T,"REDUCCION HN 1 1/2 X 1""",UND,0,,0,,,,0
1411T,"BOMBA DE CALOR PARA PISCINA IBAX FULL INVERTER CAPACIDAD DE CALENTAMIENTO ",UND,0,,0,,,,0
1078T,TUBO TF 25 MM X 4 M TORO,UND,0,,0,,,,0
1158T,TORNILLO TRIPATO 1 1/2,UND,0,,0,,,,0
1143T,CODO AC CED40 45X1,UND,0,,0,,,,0
1097T,"CRUZ RANURADA 2 1/2""",UND,0,,0,,,,0
1034T,BROCA IRVIN METAL 3/8,UND,0,,0,,,,0
1119T,TANQUE 10000 LITROS,UND,0,,0,,,,0
1377T,PINTURA SPRAY CHIMENEA PRO ALTA,UND,0,,0,,,,0
1021T,PIOLA N0. 4,UND,0,,0,,,,0
1090T,VARILLA CORRUGADA 12 MM,UND,0,,0,,,,0
1273T,REGULADOR DE 1 ERA 10 PSI ROJO,UND,0,,0,,,,0
1277T,IMPERMEABILIZANTE IMPERPOL NEGRO,UND,0,,0,,,,0
1107T,VALVULA ESFERA GAS 1/4 PALANCA H-H GENEBRE,UND,0,,0,,,,0
1383T,"GEOTEXTIL1,5 MTS DE ANCHO ROLLO 300 MTS",UND,0,,0,,,,0
1121T,CALENTADOR ACUMULADOR 40 GALONES,UND,0,,0,,,,0
1040T,REDUCCION MH 50MM A 25MM PN25,UND,0,,0,,,,0
108G,REGULADOR PRIMERA ETAPA 14KL 1/4X1/4 RECA 912 MAS MANOMETRO,,0,,0,,,,0
1251T,"TAPON RANURADO 3""",UND,0,,0,,,,0
1038T,TAPON HEMBRA AI ROSCABLE 1/2,UND,0,,0,,,,0
1071T,UNION FUSION AZUL 20 POLIMEZ,UND,0,,0,,,,0
1359T,"REDUCCION HN 1 1/4 X 1/2 ",UND,0,,0,,,,0
1200T,TEE REDUCIDA 63X25,UND,0,,0,,,,0
1396T,FULMINANTES,UND,0,,0,,,,0
1022T,ROCIADOR AUTOCOLGANTE 3/4 GRIS,UND,0,,0,,,,0
1076T,NEPLO INOX 3/4 X 4,UND,0,,0,,,,0
1198T,"VALVULA DE ALIVIO 1""",UND,0,,0,,,,0
1150T,MANOMETRO VERT 1/4 300 PSI WINTERS,UND,0,,0,,,,0
1133T,SIERRA 12X10 PARA MAQUINA,UND,0,,0,,,,0
1258T,TEE TF ROSCABLE H 32X3/4,UND,0,,0,,,,0
1082T,REDUCCION TF HH 25 A 20 TORO,UND,0,,0,,,,0
1405T,TIMBRADOR 30 MTS,UND,0,,0,,,,0
1014T,UNIVERSAL SOLDABLE 75 MM,UND,0,,0,,,,0
60G,CORTADOR DE TUNO STANLEY 1/8 X 1/8,,0,,0,,,,0
1341T,"BOMBA HIDRAULICA SUMERGIBLE 5,5 HP 2""",UND,0,,0,,,,0
1428T,CABLE  ANTIFLAMA 18AWG 2 HILOS PARA SISTEMA CONTRAINCENDIOS 100% COBRE 305,UND,0,,0,,,,0
1214T,SIKA FLEX GRIS,UND,0,,0,,,,0
1041T,REDUCCION MH 63MM A 25MM PN25,UND,0,,0,,,,0
1337T,TEE MECANICA RANURADA 6 X 2 1/2,UND,0,,0,,,,0
1368T,PRESURIZADOR 1 1/2 HP 127V TRUPER,UND,0,,0,,,,0
1102T,"ADAPTADOR PVC M C40 PEGA/ROSCA 1 1/2"" TGR",UND,0,,0,,,,0
1045T,"REGULADOR RECA 10 KG 0,5 PSI",UND,0,,0,,,,0
"1067T ",TE  LISA 40 MM,UND,0,,0,,,,0
1197T,TEE REDUCIDA 50X20X50 PN 25,UND,0,,0,,,,0
1380T,BUJE TF 25X20 AZUL,UND,0,,0,,,,0
1345T,CABLE ACERO 3/8,UND,0,,0,,,,0
1032T,COPA CARBURO GRA,UND,0,,0,,,,0
1055T,REDUCCION INOX 1/2 X 1/4 MM,UND,0,,0,,,,0
1388T,CODO TF 45X20 MM AZUL,UND,0,,0,,,,0
1109T,REDUCCION PEGABLE 2X3/4 CAMPANA GOL,UND,0,,0,,,,0
1305T,"MEDIDOR DE GAS 6M3-1,5 BARTCL",UND,0,,0,,,,0
1335T,"PERNO EXPANSIVO 3/8 X 4""",UND,0,,0,,,,0
21G,"TORNILLO C/LENTEJA ESTRELLA ",,0,,0,,,,0
1407T,LUZ LED CORRIENTE EM0055,UND,0,,0,,,,0
1057T,REDUCCION TF MH 50 A 25,UND,0,,0,,,,0
1187T,BUJE PVC 1 1/2 X 1,UND,0,,0,,,,0
1283T,NEPLO ROSCABLE 1 1/4,UND,0,,0,,,,0
1303T,TAPON MACHO 1 1/4 ULFM,UND,0,,0,,,,0
1398T,RELE TERMICO CHINT 2-25,UND,0,,0,,,,0
,TROZADORA,,,,0,,,,0
,RANURADORA,,,,0,,,,0
,PRENSA,,,,0,,,,0
,TABLEROS PARA ANDAMIOS,,,,0,,,,0
,ANDAMIOS,,,,0,,,,0
,REDUCTOTERS,,,,0,,,,0
,arandela 3/8,,,,0,,,,0
,ROCIADOR NORMADO ULFM  COLGANTE BLANCO CON EMBELLECEDOR 1/2,,,,0,,,,0
,SACABOCADOS 110,,,,0,,,,0
,TORNILLO #6 1/2,,,,0,,,,0
,BROCA CONCRETO #6,,,,0,,,,0
,POLITUBO 3/4 ROLLO,,,,0,,,,0
,CAJETINES HEXAGONALES,,,,0,,,,0
,POLITUBO DE 1/2,,,,0,,,,0
,CABLE ANTIFRAMA 2X18 AWG,,,,0,,,,0
,CONECTOR POLITUBO 1/2,,,,0,,,,0
,SOLDADORA CON MÁSCARA,,,,0,,,,0
,"HIDROLAVADORA CON MANGUERA ",,,,0,,,,0
,TOMA CORRIENTE DE 2 ENCHUFES,,,,0,,,,0
,ENCHUFES DE 3 PATAS,,,,0,,,,0
,"LLEVAR RETAZOS DE TUBO DE 1 1/2"" ACERO NEGRO",,,,0,,,,0
,EQUIPO OXICORTE,,,,0,,,,0
,CAUCHO REDUCTOR 2X 1 1/4 PARA LAVANDERIA,,,,0,,,,0
,Sacabocados 1 1/2,,,,0,,,,0
,Varilla 12mm acero negro,,,,0,,,,0
,Tuerca 3/8,,,,0,,,,0
,Pistola para anclar,,,,0,,,,0
,Taladro,,,,0,,,,0
,Broca 1/2 para metal para taladro,,,,0,,,,0
,CODO INOX 1/2”X45 ROSCADO,,,,0,,,,0
,TAPON DE 1 1/2” MACHO INOX,UND,,"2,63 US$","3,156",,,,0
,CONTADOR,,,,0,,,,0
,CONTADOR,,,,0,,,,0
,CONTADOR VOLUMETRICO PARA GAS DOMESTICO,,,,0,,,,0
,ADAPTADOR TF MACHO DE 1 1/2”X50MM,,,,0,,,,0
,REDUCCION TF DE 50MM A 40MM,,,,0,,,,0
,ROLLO DE CABLE #14 AWG FLEXIBLE COBRE  COLOR NEGRO,,,,0,,,,0
,ROLLO DE CABLE #14 AWG FLEXIBLE COBRE  COLOR BLANCO,,,,0,,,,0
,"LLAVE DE CORTE PRUEBAS 1/2""",,,,0,,,,0
,AMOLADORA PEQUEÑA,,,,0,,,,0
,ROTOMARTILLO,,,,0,,,,0
,ANGULO 1 1/2 X4MM,,,,0,,,,0
,"PERNO EXPANSIVOS 3/8 X 2""",,,,0,,,,0
,"PLATINA HN 1"" X 2MM",,,,0,,,,0
,"TORNILLOS CON ROSCA #6 X 1 1/2""",,,,0,,,,0
,TUERCA #6,,,,0,,,,0
,BUSHIN REDUCTOR INOX DE 1 1/2” A 1”,,,,0,,,,0
,"ADAPTADOR TF DE 32X1” ",,,,0,,,,0
,REDUCCION TF DE 40MM A 32MM,,,,0,,,,0
,"PUENTE TF DE 20MM ",,,,0,,,,0
,REDUCCION RANURADA DE 2 1/2” A 1 1/2”,,,,0,,,,0
,TEE TF DE 32MM A 25MM,,,,0,,,,0
,REDUCCION TF DE 32MM A 25MM,,,,0,,,,0
,TUBO DE ABASTO 1/2-1/2 MACHO /HEMBRA,,,,0,,,,0
,TERMOFUSIONADORA CON DADO 25,,,,0,,,,0
,FULMINANTES VERDES,,,,0,,,,0
,"TORNILLOS PARA MADERA 1""",,,,0,,,,0
,SIKA BOOM 300ML,,,,0,,,,0
,RETAZOS DE TUBERIA DE 20MM TF,,,,0,,,,0
,"COPA PARA TORNILLO AUTOPERFORANTE ",,,,0,,,,0
,TAPON TF HEMBRA DE 20MM,,,,0,,,,0
,"TEE ranurada de 2""",,,,0,,,,0
,CODO DE TF 20X90 PE-AL-PE PARA GAS,,,,0,,,,0
,"CODO TF DE 20MMX1/2"" PE-AL-PE PARA GAS ",,,,0,,,,0
,"TUBO PE-AL-PE DE 1/2"" PARA GAS",,,,0,,,,0
,JUEGO DE CAJA DE CLAVOS  Y FULMINATES VERDES,,,,0,,,,0
,ROCIADOR COLGANTE NORMADO ULFM 1/2,,,,0,,,,0
,TARRAJAS 1/2,,,,0,,,,0
,TARRAJAS 3/4,,,,0,,,,0
,REDUCTOR 1 1/4 A 3/4 AC,,,,0,,,,0
,"CODO ROSCADO HG 90X  1/2""",,,,0,,,,0
,TUBO TF DE 32MM,,,,0,,,,0
,CABLE RARO,,,,0,,,,0
,SAQUILLOS,,,,0,,,,0
,tablas de madera,,,,0,,,,0
,"VALVULA DE ALIVIO DE 1/2"" DE 300 PSI",,,,0,,,,0
,"BUSHIN INOX DE 1 1/4"" A 1"" ",,,,0,,,,0
,"UNION INOX DE 1 1/4""",,,,0,,,,0
,"VALVULA MARIPOSA DE 1/2"" PARA GAS ",,,,0,,,,0
,LLEVAR UNA LLAVE DE TUBO GRANDE,,,,0,,,,0
,"VALVULA DOBLE CHECK O TOMA DE CARGA DE 1 1/4""",,,,0,,,,0
,"TAPON INOX HEMBRA DE 3/4""",,,,0,,,,0
,"VALVULA DE PALANCA DE 1""  PARA GAS",,,,0,,,,0
,"MANGUERA NEGRA REFORZADA DE 1"" PARA TOMA DE CARGA CON ACOPLES MACHO/MACHO DE 1.20 MTS",,,,0,,,,0
,"ACOPLE ACNE DE 1 1/4"" A 1” DE BRONCE",,,,0,,,,0
,"TAPON INOX MACHO DE 3/4"" ",,,,0,,,,0
,"MANGUERA METALICA CON VALVULA POOL DE 1/2"" DE 1.20MTS",,,,0,,,,0
,"REGULADOR 1ERA ETAPA DE 60 KG/H CON SUS ACOPLES SALIDA A 1/2""",,,,0,,,,0
,"VALVULA DE PALANCA DE 3/4"" INOX PARA GAS ",,,,0,,,,0
,"BUSHIN INOX DE 3/4"" A 1/2""",,,,0,,,,0
,"SPRINKLER CROMADO O BLANCO DE 1/2"" NORMADO",,,,0,,,,0
,PINTURA AMARILLA,,,,0,,,,0
,FUNDA DE DEJA,,,,0,,,,0
,LIJA DE AGUA #400 FINA,,,,0,,,,0
,TIJERA PARA CORTAR COBRE,,,,0,,,,0
,Escalerillas de 10cm ancho y 2.40 alto,,,,0,,,,0
,Codos escalerillas 10 cm ancho,,,,0,,,,0
,"ADAPTADOR HEMBRA DE COBRE DE 1/2""",,,,0,,,,0
,"BROCHA DE 1""",,,,0,,,,0
,SPRAY COLOR VERDE,,,,0,,,,0
,"CODO COBRE 3/8""X90",,,,0,,,,0
,TEE COBRE 3/8,,,,0,,,,0
,"SIFON EDESA TIPO ACORDEON BLANCO PARA LAVAMANOS ",,,,0,,,,0
,CODO 90,,,,0,,,,0
,CODO PVC DE 90° X 50MM,,,,0,,,,0
,"MODULOS ANDAMIOS ",,,,0,,,,0
,TACOS FISHER #10,,,,0,,,,0
,"NEPLO 3"" CON DOS PUNTA ROSCA ACERO NEGRO 3”",,,,0,,,,0
,"CODO HN RANURADO 3""X45",,,,0,,,,0
,"RETAZO DE TUBERÍA ACERO NEGRO CED 10 3""",,,,0,,,,0
,"TAPON PVC DESAGUE MACHO DE 110MM ",,,,0,,,,0
,REDUCCION PVC DESAGUE DE 110MM  A 50MM,,,,0,,,,0
,"ADAPTADOR HEMBRA ROSCADO  3"" X 75MM PRESION GRIS",,,,0,,,,0
,TAPON PVC DESAGUE MACHO DE 50MM,,,,0,,,,0
,NUDO UNIVERSAL PEGABLE 75MM PRESION GRIS,,,,0,,,,0
,VALVULA PEGABLE 75MM PRESION GRIS,,,,0,,,,0
,TUBO PVC DE 50MM VENTILACION,,,,0,,,,0
,"PASAMURO BLANCO 3""",,,,0,,,,0
,"SACABOCADOS 3""",,,,0,,,,0
,TUBERIA PVC PRESION GRIS 75MM,,,,0,,,,0
,BOMBA SUMERGIBLE ALMACEN CON MANGUERA,,,,0,,,,0
,"PASAMURO BLANCO 1/2""",,,,0,,,,0
,BROCA 3/8 PARA CONCRETO PARA ROTOMARTILLO,,,,0,,,,0
,"UNION CU SO SO 3/4""",,,,0,,,,0
,"TORNILLOS AUTOPERFORANTES  1/2""",,,,0,,,,0
,ADAPTADOR TIPO COPA PARA TALADRO,,,,0,,,,0
,"tornillos #6 x2""",,,,0,,,,0
,spray rojo,,,,0,,,,0
,ADAPTADOR TF H H 50 X 32,,,,0,,,,0
,"NEPLO INOX 1"" X 15CM",,,,0,,,,0
,"CODO INOX 1"" X 90",,,,0,,,,0
,"BUSHING INOX 1"" X 1/2",,,,0,,,,0
,NEPLO CON CINTURA 1/2,,,,0,,,,0
,"REGULADOR 1RA ETAPA 10KG/H 1/2"" ACCESORIOS DE SALIDA",,,,0,,,,0
,"REGULADOR 2DA ETAPA 7KG/H 1/2"" ACCESORIOS PARA SALIDA",,,,0,,,,0
,ADAPTADOR MACHO TF GAS 20MMX1/2,,,,0,,,,0
,TEFLONES PEQUEÑOS USADOS,,,,0,,,,0
,TUBO CED 40 1/2 ACERO NEGRO,,,,0,,,,0
,"NUDO UNIVERSAL DE COBRE DE 1/2""",,,,0,,,,0
,"ABRAZADERAS TITAN DE 1/2"" PARA GAS ",,,,0,,,,0
,DETECTOR DE HUMO CONVENCIONAL 4/2 HAGROY,,,,0,,,,0
,ESTACION MANUAL CONVENCIONAL 4/2 HAGROY,,,,0,,,,0
,LLAVE TF DE 20MM,,,,0,,,,0
,LUZ ESTROBOSCOPICA 24V HAGROY,,,,0,,,,0
,TEE TF DE 25MM A 20MM,,,,0,,,,0
,amarraderas plásticas,,,,0,,,,0
,PANEL CONVENCIONAL DE 5 ZONAS HAGROY,,,,0,,,,0
,CODO 3/4X90 ACERO NEGRO,,,,0,,,,0
,UNION ACERO NEGRO 1/2 ROSCADA,,,,0,,,,0
,"CODO ACERO NEGRO 1/2""X90 ROSACADO",,,,0,,,,0
,CODO ACERO NEGRO 3/4X90 ROSCADO,,,,0,,,,0
,TEE RANURADA 2 1/2 ACERO NEGRO,,,,0,,,,0
,cinta roja,,,,0,,,,0
,cinta azul,,,,0,,,,0
,W-40,,,,0,,,,0
,REDUCCION PVC DESAGUE DE 75MM A 50MM,,,,0,,,,0